date_generated,congress,chamber,party_code,party_name,n_members,median_dim1,median_dim2,mean_dim1,mean_dim2,all_parties_median_dim1,all_parties_median_dim2,all_parties_mean_dim1,all_parties_mean_dim2,all_parties_n_members
2017-01-15 03:29:35,1,House,5000,Pro-Administration Party,37,0.578,0.057,0.528,0.026,0.316,0.079,0.285,0.077,66
2017-01-15 03:29:35,1,House,4000,Anti-Administration Party,29,0.018,0.092,-0.024,0.142,0.316,0.079,0.285,0.077,66
2017-01-15 03:29:35,1,Senate,4000,Anti-Administration Party,8,-0.237,-0.213,-0.24,-0.043,0.226,-0.308,0.183,-0.131,28
2017-01-15 03:29:35,1,Senate,5000,Pro-Administration Party,20,0.427,-0.308,0.352,-0.166,0.226,-0.308,0.183,-0.131,28
2017-01-15 03:29:35,2,House,5000,Pro-Administration Party,40,0.533,0.083,0.53,0.081,0.272,0.004,0.282,-0.007,71
2017-01-15 03:29:35,2,House,4000,Anti-Administration Party,31,-0.022,-0.079,-0.039,-0.122,0.272,0.004,0.282,-0.007,71
2017-01-15 03:29:35,2,Senate,5000,Pro-Administration Party,17,0.446,-0.252,0.387,-0.118,0.09,-0.462,0.049,-0.203,31
2017-01-15 03:29:35,2,Senate,4000,Anti-Administration Party,14,-0.392,-0.54,-0.362,-0.307,0.09,-0.462,0.049,-0.203,31
2017-01-15 03:29:35,3,House,5000,Pro-Administration Party,52,0.589,0.074,0.564,0.051,0.187,-0.035,0.237,-0.059,107
2017-01-15 03:29:35,3,House,4000,Anti-Administration Party,55,-0.072,-0.151,-0.072,-0.162,0.187,-0.035,0.237,-0.059,107
2017-01-15 03:29:35,3,Senate,5000,Pro-Administration Party,18,0.571,-0.179,0.574,0.004,0.286,-0.283,0.142,-0.194,33
2017-01-15 03:29:35,3,Senate,4000,Anti-Administration Party,15,-0.37,-0.548,-0.377,-0.432,0.286,-0.283,0.142,-0.194,33
2017-01-15 03:29:35,4,House,1,Federalist Party,54,0.603,0.138,0.562,0.141,0.07,0.06,0.203,0.067,114
2017-01-15 03:29:35,4,House,13,Democratic-Republican Party,60,-0.098,-0.033,-0.119,-0.0,0.07,0.06,0.203,0.067,114
2017-01-15 03:29:35,4,Senate,1,Federalist Party,28,0.621,-0.046,0.576,0.031,0.429,-0.205,0.269,-0.09,41
2017-01-15 03:29:35,4,Senate,13,Democratic-Republican Party,13,-0.37,-0.462,-0.393,-0.349,0.429,-0.205,0.269,-0.09,41
2017-01-15 03:29:35,5,House,1,Federalist Party,64,0.622,-0.017,0.597,0.026,0.406,-0.04,0.264,-0.02,117
2017-01-15 03:29:35,5,House,13,Democratic-Republican Party,53,-0.108,-0.042,-0.138,-0.076,0.406,-0.04,0.264,-0.02,117
2017-01-15 03:29:35,5,Senate,1,Federalist Party,31,0.717,-0.043,0.595,0.035,0.431,-0.018,0.325,-0.02,44
2017-01-15 03:29:35,5,Senate,13,Democratic-Republican Party,13,-0.364,0.023,-0.321,-0.151,0.431,-0.018,0.325,-0.02,44
2017-01-15 03:29:35,6,House,1,Federalist Party,64,0.624,-0.071,0.592,-0.044,0.455,-0.076,0.291,-0.095,113
2017-01-15 03:29:35,6,House,13,Democratic-Republican Party,49,-0.068,-0.105,-0.102,-0.162,0.455,-0.076,0.291,-0.095,113
2017-01-15 03:29:35,6,Senate,1,Federalist Party,27,0.625,0.035,0.573,0.079,0.47,0.024,0.315,0.025,38
2017-01-15 03:29:35,6,Senate,13,Democratic-Republican Party,11,-0.277,0.023,-0.317,-0.107,0.47,0.024,0.315,0.025,38
2017-01-15 03:29:35,7,House,1,Federalist Party,40,0.622,-0.17,0.607,-0.032,0.018,0.031,0.16,-0.028,113
2017-01-15 03:29:35,7,House,13,Democratic-Republican Party,73,-0.052,0.057,-0.084,-0.025,0.018,0.031,0.16,-0.028,113
2017-01-15 03:29:35,7,Senate,1,Federalist Party,16,0.689,-0.11,0.67,-0.105,0.09,-0.202,0.16,-0.179,35
2017-01-15 03:29:35,7,Senate,13,Democratic-Republican Party,19,-0.232,-0.22,-0.269,-0.241,0.09,-0.202,0.16,-0.179,35
2017-01-15 03:29:35,7,President,13,Democratic-Republican Party,1,0.018,0.516,0.018,0.516,0.018,0.516,0.018,0.516,1
2017-01-15 03:29:35,8,House,1,Federalist Party,39,0.615,-0.248,0.599,-0.22,-0.03,0.035,0.08,-0.019,148
2017-01-15 03:29:35,8,House,13,Democratic-Republican Party,109,-0.098,0.066,-0.106,0.053,-0.03,0.035,0.08,-0.019,148
2017-01-15 03:29:35,8,Senate,1,Federalist Party,10,0.667,-0.329,0.652,-0.175,-0.164,-0.234,-0.038,-0.27,44
2017-01-15 03:29:35,8,Senate,13,Democratic-Republican Party,34,-0.212,-0.22,-0.241,-0.298,-0.164,-0.234,-0.038,-0.27,44
2017-01-15 03:29:35,8,President,13,Democratic-Republican Party,1,0.018,0.51,0.018,0.51,0.018,0.51,0.018,0.51,1
2017-01-15 03:29:35,9,House,1,Federalist Party,28,0.607,-0.37,0.569,-0.378,-0.05,-0.102,0.036,-0.042,146
2017-01-15 03:29:35,9,House,13,Democratic-Republican Party,118,-0.104,0.069,-0.09,0.037,-0.05,-0.102,0.036,-0.042,146
2017-01-15 03:29:35,9,Senate,1,Federalist Party,7,0.646,-0.409,0.659,-0.238,-0.047,-0.187,0.034,-0.179,37
2017-01-15 03:29:35,9,Senate,13,Democratic-Republican Party,30,-0.126,-0.163,-0.112,-0.165,-0.047,-0.187,0.034,-0.179,37
2017-01-15 03:29:35,9,President,13,Democratic-Republican Party,1,0.018,0.516,0.018,0.516,0.018,0.516,0.018,0.516,1
2017-01-15 03:29:35,10,House,1,Federalist Party,27,0.599,-0.429,0.527,-0.389,-0.021,-0.03,0.042,-0.024,148
2017-01-15 03:29:35,10,House,13,Democratic-Republican Party,121,-0.099,0.066,-0.067,0.057,-0.021,-0.03,0.042,-0.024,148
2017-01-15 03:29:35,10,Senate,1,Federalist Party,7,0.619,-0.249,0.624,-0.237,-0.036,-0.009,0.033,-0.053,38
2017-01-15 03:29:35,10,Senate,13,Democratic-Republican Party,31,-0.065,0.068,-0.101,-0.012,-0.036,-0.009,0.033,-0.053,38
2017-01-15 03:29:35,10,President,13,Democratic-Republican Party,1,0.018,0.51,0.018,0.51,0.018,0.51,0.018,0.51,1
2017-01-15 03:29:35,11,House,1,Federalist Party,51,0.586,-0.43,0.537,-0.407,0.019,-0.099,0.119,-0.061,154
2017-01-15 03:29:35,11,House,13,Democratic-Republican Party,103,-0.108,0.095,-0.088,0.11,0.019,-0.099,0.119,-0.061,154
2017-01-15 03:29:35,11,Senate,1,Federalist Party,10,0.643,-0.168,0.657,-0.203,-0.014,-0.04,0.098,-0.008,43
2017-01-15 03:29:35,11,Senate,13,Democratic-Republican Party,33,-0.065,0.068,-0.072,0.051,-0.014,-0.04,0.098,-0.008,43
2017-01-15 03:29:35,11,President,13,Democratic-Republican Party,1,0.138,0.731,0.138,0.731,0.138,0.731,0.138,0.731,1
2017-01-15 03:29:35,12,House,1,Federalist Party,37,0.591,-0.43,0.502,-0.425,-0.011,-0.021,0.055,-0.025,147
2017-01-15 03:29:35,12,House,13,Democratic-Republican Party,110,-0.102,0.107,-0.095,0.109,-0.011,-0.021,0.055,-0.025,147
2017-01-15 03:29:35,12,Senate,1,Federalist Party,6,0.595,-0.147,0.625,-0.171,-0.068,-0.04,0.027,-0.058,37
2017-01-15 03:29:35,12,Senate,13,Democratic-Republican Party,31,-0.126,0.023,-0.089,-0.036,-0.068,-0.04,0.027,-0.058,37
2017-01-15 03:29:35,12,President,13,Democratic-Republican Party,1,0.138,0.731,0.138,0.731,0.138,0.731,0.138,0.731,1
2017-01-15 03:29:35,13,House,1,Federalist Party,71,0.58,-0.392,0.525,-0.34,0.078,0.02,0.134,0.018,195
2017-01-15 03:29:35,13,House,13,Democratic-Republican Party,124,-0.084,0.219,-0.09,0.223,0.078,0.02,0.134,0.018,195
2017-01-15 03:29:35,13,Senate,1,Federalist Party,10,0.563,-0.242,0.594,-0.188,-0.083,-0.073,0.028,-0.048,46
2017-01-15 03:29:35,13,Senate,13,Democratic-Republican Party,36,-0.214,0.039,-0.129,-0.009,-0.083,-0.073,0.028,-0.048,46
2017-01-15 03:29:35,13,President,13,Democratic-Republican Party,1,0.137,0.729,0.137,0.729,0.137,0.729,0.137,0.729,1
2017-01-15 03:29:35,14,House,1,Federalist Party,65,0.58,-0.415,0.522,-0.368,0.098,0.008,0.133,0.014,198
2017-01-15 03:29:35,14,House,13,Democratic-Republican Party,133,-0.063,0.18,-0.056,0.2,0.098,0.008,0.133,0.014,198
2017-01-15 03:29:35,14,Senate,1,Federalist Party,15,0.522,-0.182,0.528,-0.197,0.129,-0.08,0.095,-0.045,44
2017-01-15 03:29:35,14,Senate,13,Democratic-Republican Party,29,-0.112,0.063,-0.129,0.033,0.129,-0.08,0.095,-0.045,44
2017-01-15 03:29:35,14,President,13,Democratic-Republican Party,1,0.137,0.729,0.137,0.729,0.137,0.729,0.137,0.729,1
2017-01-15 03:29:35,15,House,1,Federalist Party,40,0.472,-0.284,0.414,-0.27,0.123,0.115,0.097,0.04,194
2017-01-15 03:29:35,15,House,13,Democratic-Republican Party,154,0.02,0.155,0.015,0.12,0.123,0.115,0.097,0.04,194
2017-01-15 03:29:35,15,Senate,1,Federalist Party,13,0.522,-0.237,0.565,-0.287,0.123,-0.09,0.107,-0.023,46
2017-01-15 03:29:35,15,Senate,13,Democratic-Republican Party,33,-0.041,0.132,-0.074,0.081,0.123,-0.09,0.107,-0.023,46
2017-01-15 03:29:35,15,President,13,Democratic-Republican Party,1,0.131,0.551,0.131,0.551,0.131,0.551,0.131,0.551,1
2017-01-15 03:29:35,16,House,1,Federalist Party,28,0.37,0.156,0.258,0.012,0.1,0.224,0.063,0.171,200
2017-01-15 03:29:35,16,House,13,Democratic-Republican Party,172,0.084,0.262,0.032,0.197,0.1,0.224,0.063,0.171,200
2017-01-15 03:29:35,16,Senate,1,Federalist Party,10,0.599,-0.245,0.597,-0.278,0.126,-0.008,0.127,-0.009,51
2017-01-15 03:29:35,16,Senate,13,Democratic-Republican Party,41,-0.026,0.052,0.013,0.056,0.126,-0.008,0.127,-0.009,51
2017-01-15 03:29:35,16,President,13,Democratic-Republican Party,1,0.131,0.551,0.131,0.551,0.131,0.551,0.131,0.551,1
2017-01-15 03:29:35,17,House,1,Federalist Party,35,0.36,0.147,0.276,0.038,0.159,0.117,0.087,0.073,198
2017-01-15 03:29:35,17,House,13,Democratic-Republican Party,163,0.106,0.116,0.046,0.08,0.159,0.117,0.087,0.073,198
2017-01-15 03:29:35,17,Senate,1,Federalist Party,5,0.575,-0.237,0.567,-0.208,0.12,0.02,0.128,0.02,53
2017-01-15 03:29:35,17,Senate,13,Democratic-Republican Party,48,0.034,0.053,0.083,0.044,0.12,0.02,0.128,0.02,53
2017-01-15 03:29:35,17,President,13,Democratic-Republican Party,1,0.131,0.551,0.131,0.551,0.131,0.551,0.131,0.551,1
2017-01-15 03:29:35,18,House,8000,Adams-Clay Federalist Party,15,0.289,0.04,0.245,-0.195,0.136,0.168,0.084,0.093,217
2017-01-15 03:29:35,18,House,7777,Crawford Republican Party,55,-0.305,-0.23,-0.193,-0.193,0.136,0.168,0.084,0.093,217
2017-01-15 03:29:35,18,House,1346,Jackson Republican Party,64,0.042,0.459,-0.001,0.416,0.136,0.168,0.084,0.093,217
2017-01-15 03:29:35,18,House,13,Democratic-Republican Party,3,0.257,0.635,0.343,0.607,0.136,0.168,0.084,0.093,217
2017-01-15 03:29:35,18,House,6000,Crawford Federalist Party,2,0.202,-0.144,0.202,-0.144,0.136,0.168,0.084,0.093,217
2017-01-15 03:29:35,18,House,7000,Jackson Federalist Party,7,0.153,0.338,0.132,0.369,0.136,0.168,0.084,0.093,217
2017-01-15 03:29:35,18,House,8888,Adams-Clay Republican Party,71,0.281,0.111,0.323,0.043,0.136,0.168,0.084,0.093,217
2017-01-15 03:29:35,18,Senate,8888,Adams-Clay Republican Party,14,0.233,0.374,0.227,0.437,0.043,0.046,0.115,0.058,53
2017-01-15 03:29:35,18,Senate,7777,Crawford Republican Party,22,0.076,0.006,0.102,-0.059,0.043,0.046,0.115,0.058,53
2017-01-15 03:29:35,18,Senate,1346,Jackson Republican Party,12,-0.183,-0.083,-0.161,-0.043,0.043,0.046,0.115,0.058,53
2017-01-15 03:29:35,18,Senate,8000,Adams-Clay Federalist Party,5,0.57,-0.253,0.522,-0.244,0.043,0.046,0.115,0.058,53
2017-01-15 03:29:35,18,President,13,Democratic-Republican Party,1,0.13,0.548,0.13,0.548,0.13,0.548,0.13,0.548,1
2017-01-15 03:29:35,19,House,555,Jackson Party,112,-0.189,0.283,-0.183,0.178,0.061,0.167,0.021,0.105,224
2017-01-15 03:29:35,19,House,22,Adams Party,112,0.227,0.069,0.224,0.032,0.061,0.167,0.021,0.105,224
2017-01-15 03:29:35,19,Senate,7777,Crawford Republican Party,1,0.919,0.37,0.919,0.37,0.123,0.064,0.105,0.084,58
2017-01-15 03:29:35,19,Senate,1346,Jackson Republican Party,1,-0.499,0.867,-0.499,0.867,0.123,0.064,0.105,0.084,58
2017-01-15 03:29:35,19,Senate,555,Jackson Party,31,-0.142,-0.226,-0.099,-0.21,0.123,0.064,0.105,0.084,58
2017-01-15 03:29:35,19,Senate,22,Adams Party,25,0.37,0.38,0.35,0.407,0.123,0.064,0.105,0.084,58
2017-01-15 03:29:35,19,President,22,Adams Party,1,0.396,-0.147,0.396,-0.147,0.396,-0.147,0.396,-0.147,1
2017-01-15 03:29:35,20,House,555,Jackson Party,118,-0.221,0.242,-0.214,0.171,0.021,0.154,0.01,0.135,222
2017-01-15 03:29:35,20,House,22,Adams Party,104,0.282,0.115,0.265,0.095,0.021,0.154,0.01,0.135,222
2017-01-15 03:29:35,20,Senate,555,Jackson Party,30,-0.074,-0.231,-0.096,-0.179,0.12,0.132,0.092,0.106,53
2017-01-15 03:29:35,20,Senate,22,Adams Party,23,0.37,0.558,0.337,0.479,0.12,0.132,0.092,0.106,53
2017-01-15 03:29:35,20,President,22,Adams Party,1,0.396,-0.147,0.396,-0.147,0.396,-0.147,0.396,-0.147,1
2017-01-15 03:29:35,21,House,26,Anti Masonic Party,5,0.267,0.136,0.279,0.143,-0.079,0.097,-0.053,0.067,220
2017-01-15 03:29:35,21,House,555,Jackson Party,142,-0.263,0.051,-0.243,0.002,-0.079,0.097,-0.053,0.067,220
2017-01-15 03:29:35,21,House,1275,Anti-Jackson Party,73,0.294,0.147,0.294,0.188,-0.079,0.097,-0.053,0.067,220
2017-01-15 03:29:35,21,Senate,555,Jackson Party,30,-0.099,-0.187,-0.158,-0.141,0.032,0.146,0.079,0.103,53
2017-01-15 03:29:35,21,Senate,1275,Anti-Jackson Party,23,0.395,0.38,0.388,0.422,0.032,0.146,0.079,0.103,53
2017-01-15 03:29:35,21,President,555,Jackson Party,1,-0.25,-0.098,-0.25,-0.098,-0.25,-0.098,-0.25,-0.098,1
2017-01-15 03:29:35,22,House,26,Anti Masonic Party,17,0.248,-0.033,0.259,-0.01,-0.1,0.046,-0.064,0.042,218
2017-01-15 03:29:35,22,House,555,Jackson Party,130,-0.29,-0.084,-0.28,-0.059,-0.1,0.046,-0.064,0.042,218
2017-01-15 03:29:35,22,House,44,Nullifier Party,4,-0.313,0.908,-0.343,0.803,-0.1,0.046,-0.064,0.042,218
2017-01-15 03:29:35,22,House,1275,Anti-Jackson Party,67,0.294,0.204,0.289,0.208,-0.1,0.046,-0.064,0.042,218
2017-01-15 03:29:35,22,Senate,555,Jackson Party,29,-0.161,0.059,-0.205,0.108,0.003,0.168,0.054,0.142,54
2017-01-15 03:29:35,22,Senate,44,Nullifier Party,3,-0.04,-0.571,-0.032,-0.568,0.003,0.168,0.054,0.142,54
2017-01-15 03:29:35,22,Senate,1275,Anti-Jackson Party,22,0.407,0.309,0.407,0.283,0.003,0.168,0.054,0.142,54
2017-01-15 03:29:35,22,President,555,Jackson Party,1,-0.25,-0.098,-0.25,-0.098,-0.25,-0.098,-0.25,-0.098,1
2017-01-15 03:29:35,23,House,26,Anti Masonic Party,26,0.315,-0.019,0.328,-0.058,-0.161,0.013,-0.085,-0.008,258
2017-01-15 03:29:35,23,House,555,Jackson Party,150,-0.267,-0.267,-0.267,-0.188,-0.161,0.013,-0.085,-0.008,258
2017-01-15 03:29:35,23,House,44,Nullifier Party,10,-0.377,0.884,-0.403,0.795,-0.161,0.013,-0.085,-0.008,258
2017-01-15 03:29:35,23,House,1275,Anti-Jackson Party,72,0.188,0.253,0.189,0.274,-0.161,0.013,-0.085,-0.008,258
2017-01-15 03:29:35,23,Senate,555,Jackson Party,25,-0.274,-0.021,-0.3,0.111,-0.002,0.116,0.025,0.12,56
2017-01-15 03:29:35,23,Senate,1275,Anti-Jackson Party,29,0.384,0.18,0.312,0.14,-0.002,0.116,0.025,0.12,56
2017-01-15 03:29:35,23,Senate,44,Nullifier Party,2,-0.081,-0.062,-0.081,-0.062,-0.002,0.116,0.025,0.12,56
2017-01-15 03:29:35,23,President,555,Jackson Party,1,-0.25,-0.098,-0.25,-0.098,-0.25,-0.098,-0.25,-0.098,1
2017-01-15 03:29:35,24,House,555,Jackson Party,148,-0.283,-0.36,-0.297,-0.312,-0.201,-0.067,-0.139,-0.063,254
2017-01-15 03:29:35,24,House,44,Nullifier Party,8,-0.459,0.86,-0.451,0.81,-0.201,-0.067,-0.139,-0.063,254
2017-01-15 03:29:35,24,House,26,Anti Masonic Party,16,0.356,-0.081,0.349,-0.144,-0.201,-0.067,-0.139,-0.063,254
2017-01-15 03:29:35,24,House,1275,Anti-Jackson Party,80,0.081,0.314,0.077,0.319,-0.201,-0.067,-0.139,-0.063,254
2017-01-15 03:29:35,24,House,29,Whig Party,2,0.17,0.199,0.17,0.199,-0.201,-0.067,-0.139,-0.063,254
2017-01-15 03:29:35,24,Senate,555,Jackson Party,34,-0.344,-0.01,-0.379,0.072,-0.172,0.166,-0.097,0.108,63
2017-01-15 03:29:35,24,Senate,1275,Anti-Jackson Party,27,0.274,0.18,0.257,0.167,-0.172,0.166,-0.097,0.108,63
2017-01-15 03:29:35,24,Senate,44,Nullifier Party,2,-0.081,-0.062,-0.081,-0.062,-0.172,0.166,-0.097,0.108,63
2017-01-15 03:29:35,24,President,555,Jackson Party,1,-0.249,-0.1,-0.249,-0.1,-0.249,-0.1,-0.249,-0.1,1
2017-01-15 03:29:35,25,House,100,Democratic Party,133,-0.283,-0.418,-0.297,-0.363,-0.177,-0.061,-0.104,-0.056,257
2017-01-15 03:29:35,25,House,328,Independent,1,-0.065,0.368,-0.065,0.368,-0.177,-0.061,-0.104,-0.056,257
2017-01-15 03:29:35,25,House,44,Nullifier Party,6,-0.51,0.816,-0.507,0.738,-0.177,-0.061,-0.104,-0.056,257
2017-01-15 03:29:35,25,House,26,Anti Masonic Party,7,0.398,-0.146,0.37,-0.133,-0.177,-0.061,-0.104,-0.056,257
2017-01-15 03:29:35,25,House,29,Whig Party,110,0.174,0.253,0.122,0.272,-0.177,-0.061,-0.104,-0.056,257
2017-01-15 03:29:35,25,Senate,100,Democratic Party,40,-0.34,-0.124,-0.365,-0.039,-0.256,0.065,-0.18,0.059,59
2017-01-15 03:29:35,25,Senate,29,Whig Party,19,0.181,0.181,0.21,0.266,-0.256,0.065,-0.18,0.059,59
2017-01-15 03:29:35,25,President,100,Democratic Party,1,0.105,-0.969,0.105,-0.969,0.105,-0.969,0.105,-0.969,1
2017-01-15 03:29:35,26,House,112,Conservative Party,2,-0.353,0.29,-0.353,0.29,-0.172,-0.052,-0.097,-0.05,256
2017-01-15 03:29:35,26,House,26,Anti Masonic Party,6,0.382,-0.229,0.368,-0.178,-0.172,-0.052,-0.097,-0.05,256
2017-01-15 03:29:35,26,House,100,Democratic Party,128,-0.297,-0.452,-0.321,-0.369,-0.172,-0.052,-0.097,-0.05,256
2017-01-15 03:29:35,26,House,29,Whig Party,120,0.209,0.233,0.123,0.29,-0.172,-0.052,-0.097,-0.05,256
2017-01-15 03:29:35,26,Senate,100,Democratic Party,32,-0.369,-0.169,-0.39,-0.103,-0.213,0.046,-0.111,0.063,60
2017-01-15 03:29:35,26,Senate,29,Whig Party,28,0.251,0.174,0.207,0.253,-0.213,0.046,-0.111,0.063,60
2017-01-15 03:29:35,26,President,100,Democratic Party,1,0.104,-0.961,0.104,-0.961,0.104,-0.961,0.104,-0.961,1
2017-01-15 03:29:35,27,House,328,Independent,1,-0.576,0.749,-0.576,0.749,-0.109,0.043,-0.07,0.045,259
2017-01-15 03:29:35,27,House,329,Ind. Democratic Party,1,-0.109,-0.17,-0.109,-0.17,-0.109,0.043,-0.07,0.045,259
2017-01-15 03:29:35,27,House,100,Democratic Party,106,-0.347,-0.335,-0.364,-0.267,-0.109,0.043,-0.07,0.045,259
2017-01-15 03:29:35,27,House,29,Whig Party,151,0.179,0.176,0.141,0.261,-0.109,0.043,-0.07,0.045,259
2017-01-15 03:29:35,27,Senate,100,Democratic Party,25,-0.373,-0.161,-0.405,-0.136,-0.142,0.067,-0.057,0.083,59
2017-01-15 03:29:35,27,Senate,29,Whig Party,34,0.251,0.26,0.2,0.244,-0.142,0.067,-0.057,0.083,59
2017-01-15 03:29:35,27,President,29,Whig Party,1,0.251,-0.968,0.251,-0.968,0.251,-0.968,0.251,-0.968,1
2017-01-15 03:29:35,28,House,100,Democratic Party,150,-0.281,-0.28,-0.298,-0.254,-0.142,-0.065,-0.131,-0.077,234
2017-01-15 03:29:35,28,House,329,Ind. Democratic Party,1,0.172,0.042,0.172,0.042,-0.142,-0.065,-0.131,-0.077,234
2017-01-15 03:29:35,28,House,403,Law and Order Party,2,0.176,0.165,0.176,0.165,-0.142,-0.065,-0.131,-0.077,234
2017-01-15 03:29:35,28,House,603,Ind. Whig Party,1,-0.092,0.545,-0.092,0.545,-0.142,-0.065,-0.131,-0.077,234
2017-01-15 03:29:35,28,House,29,Whig Party,80,0.251,0.213,0.171,0.238,-0.142,-0.065,-0.131,-0.077,234
2017-01-15 03:29:35,28,Senate,403,Law and Order Party,1,0.353,-0.355,0.353,-0.355,-0.234,-0.011,-0.123,0.05,60
2017-01-15 03:29:35,28,Senate,100,Democratic Party,30,-0.412,-0.222,-0.422,-0.122,-0.234,-0.011,-0.123,0.05,60
2017-01-15 03:29:35,28,Senate,29,Whig Party,29,0.216,0.25,0.169,0.242,-0.234,-0.011,-0.123,0.05,60
2017-01-15 03:29:35,28,President,29,Whig Party,1,0.253,-0.968,0.253,-0.968,0.253,-0.968,0.253,-0.968,1
2017-01-15 03:29:35,29,House,100,Democratic Party,150,-0.29,-0.224,-0.329,-0.22,-0.178,-0.053,-0.144,-0.05,238
2017-01-15 03:29:35,29,House,29,Whig Party,82,0.232,0.195,0.174,0.253,-0.178,-0.053,-0.144,-0.05,238
2017-01-15 03:29:35,29,House,310,American Party,6,0.145,0.037,0.129,0.065,-0.178,-0.053,-0.144,-0.05,238
2017-01-15 03:29:35,29,Senate,1111,Liberty Party,1,0.907,0.29,0.907,0.29,-0.28,0.113,-0.143,0.092,66
2017-01-15 03:29:35,29,Senate,100,Democratic Party,39,-0.43,-0.082,-0.429,-0.015,-0.28,0.113,-0.143,0.092,66
2017-01-15 03:29:35,29,Senate,29,Whig Party,26,0.28,0.224,0.245,0.245,-0.28,0.113,-0.143,0.092,66
2017-01-15 03:29:35,29,President,100,Democratic Party,1,-0.659,-0.504,-0.659,-0.504,-0.659,-0.504,-0.659,-0.504,1
2017-01-15 03:29:35,30,House,100,Democratic Party,114,-0.338,-0.211,-0.349,-0.214,-0.111,-0.046,-0.07,-0.013,235
2017-01-15 03:29:35,30,House,328,Independent,1,0.552,-0.598,0.552,-0.598,-0.111,-0.046,-0.07,-0.013,235
2017-01-15 03:29:35,30,House,329,Ind. Democratic Party,2,-0.129,-0.493,-0.129,-0.493,-0.111,-0.046,-0.07,-0.013,235
2017-01-15 03:29:35,30,House,310,American Party,1,0.013,0.24,0.013,0.24,-0.111,-0.046,-0.07,-0.013,235
2017-01-15 03:29:35,30,House,29,Whig Party,117,0.242,0.085,0.197,0.195,-0.111,-0.046,-0.07,-0.013,235
2017-01-15 03:29:35,30,Senate,329,Ind. Democratic Party,1,0.11,-0.8,0.11,-0.8,-0.266,0.041,-0.179,-0.02,72
2017-01-15 03:29:35,30,Senate,100,Democratic Party,47,-0.398,-0.175,-0.381,-0.175,-0.266,0.041,-0.179,-0.02,72
2017-01-15 03:29:35,30,Senate,29,Whig Party,24,0.211,0.248,0.205,0.317,-0.266,0.041,-0.179,-0.02,72
2017-01-15 03:29:35,30,President,100,Democratic Party,1,-0.659,-0.509,-0.659,-0.509,-0.659,-0.509,-0.659,-0.509,1
2017-01-15 03:29:35,31,House,100,Democratic Party,119,-0.374,-0.159,-0.387,-0.179,-0.136,-0.043,-0.064,-0.03,243
2017-01-15 03:29:35,31,House,328,Independent,1,0.013,0.246,0.013,0.246,-0.136,-0.043,-0.064,-0.03,243
2017-01-15 03:29:35,31,House,300,Free Soil Party,9,0.425,-0.812,0.387,-0.814,-0.136,-0.043,-0.064,-0.03,243
2017-01-15 03:29:35,31,House,310,American Party,1,0.013,0.24,0.013,0.24,-0.136,-0.043,-0.064,-0.03,243
2017-01-15 03:29:35,31,House,29,Whig Party,113,0.298,0.154,0.239,0.185,-0.136,-0.043,-0.064,-0.03,243
2017-01-15 03:29:35,31,Senate,300,Free Soil Party,2,0.212,-0.875,0.212,-0.875,-0.25,0.102,-0.133,0.028,70
2017-01-15 03:29:35,31,Senate,100,Democratic Party,40,-0.377,-0.151,-0.374,-0.13,-0.25,0.102,-0.133,0.028,70
2017-01-15 03:29:35,31,Senate,29,Whig Party,28,0.244,0.243,0.186,0.319,-0.25,0.102,-0.133,0.028,70
2017-01-15 03:29:35,32,House,100,Democratic Party,129,-0.303,-0.163,-0.305,-0.186,-0.153,-0.067,-0.09,-0.061,239
2017-01-15 03:29:35,32,House,329,Ind. Democratic Party,3,-0.23,0.037,-0.175,-0.011,-0.153,-0.067,-0.09,-0.061,239
2017-01-15 03:29:35,32,House,300,Free Soil Party,4,0.478,-0.804,0.453,-0.792,-0.153,-0.067,-0.09,-0.061,239
2017-01-15 03:29:35,32,House,46,States Rights Party,3,-0.421,0.087,-0.451,0.069,-0.153,-0.067,-0.09,-0.061,239
2017-01-15 03:29:35,32,House,603,Ind. Whig Party,1,0.022,0.735,0.022,0.735,-0.153,-0.067,-0.09,-0.061,239
2017-01-15 03:29:35,32,House,4444,Constitutional Unionist Party,10,-0.407,0.337,-0.408,0.308,-0.153,-0.067,-0.09,-0.061,239
2017-01-15 03:29:35,32,House,29,Whig Party,89,0.289,0.149,0.247,0.098,-0.153,-0.067,-0.09,-0.061,239
2017-01-15 03:29:35,32,Senate,300,Free Soil Party,3,0.315,-0.8,0.256,-0.664,-0.26,0.101,-0.184,0.037,73
2017-01-15 03:29:35,32,Senate,100,Democratic Party,44,-0.384,-0.051,-0.379,-0.116,-0.26,0.101,-0.184,0.037,73
2017-01-15 03:29:35,32,Senate,29,Whig Party,26,0.102,0.296,0.094,0.375,-0.26,0.101,-0.184,0.037,73
2017-01-15 03:29:35,33,House,100,Democratic Party,157,-0.31,-0.099,-0.3,-0.107,-0.163,-0.099,-0.132,-0.101,239
2017-01-15 03:29:35,33,House,328,Independent,1,0.103,-0.224,0.103,-0.224,-0.163,-0.099,-0.132,-0.101,239
2017-01-15 03:29:35,33,House,329,Ind. Democratic Party,1,-0.214,-0.053,-0.214,-0.053,-0.163,-0.099,-0.132,-0.101,239
2017-01-15 03:29:35,33,House,300,Free Soil Party,4,0.294,-0.497,0.276,-0.477,-0.163,-0.099,-0.132,-0.101,239
2017-01-15 03:29:35,33,House,29,Whig Party,76,0.259,-0.069,0.192,-0.066,-0.163,-0.099,-0.132,-0.101,239
2017-01-15 03:29:35,33,Senate,300,Free Soil Party,4,0.43,-0.561,0.471,-0.579,-0.265,0.078,-0.162,0.034,70
2017-01-15 03:29:35,33,Senate,100,Democratic Party,42,-0.384,0.008,-0.362,-0.091,-0.265,0.078,-0.162,0.034,70
2017-01-15 03:29:35,33,Senate,29,Whig Party,23,0.03,0.373,0.071,0.38,-0.265,0.078,-0.162,0.034,70
2017-01-15 03:29:35,33,Senate,310,American Party,1,0.332,-0.22,0.332,-0.22,-0.265,0.078,-0.162,0.034,70
2017-01-15 03:29:35,33,President,100,Democratic Party,1,0.256,0.132,0.256,0.132,0.256,0.132,0.256,0.132,1
2017-01-15 03:29:35,34,House,200,Republican Party,1,0.549,-0.683,0.549,-0.683,0.077,-0.147,0.004,-0.131,237
2017-01-15 03:29:35,34,House,100,Democratic Party,85,-0.432,-0.076,-0.397,-0.057,0.077,-0.147,0.004,-0.131,237
2017-01-15 03:29:35,34,House,3333,Opposition Party,99,0.313,-0.337,0.291,-0.322,0.077,-0.147,0.004,-0.131,237
2017-01-15 03:29:35,34,House,310,American Party,52,0.028,0.161,0.101,0.122,0.077,-0.147,0.004,-0.131,237
2017-01-15 03:29:35,34,Senate,200,Republican Party,1,0.343,-0.291,0.343,-0.291,-0.269,0.064,-0.187,0.03,63
2017-01-15 03:29:35,34,Senate,100,Democratic Party,39,-0.405,0.033,-0.38,0.009,-0.269,0.064,-0.187,0.03,63
2017-01-15 03:29:35,34,Senate,3333,Opposition Party,22,0.214,0.159,0.138,0.086,-0.269,0.064,-0.187,0.03,63
2017-01-15 03:29:35,34,Senate,310,American Party,1,-0.361,-0.056,-0.361,-0.056,-0.269,0.064,-0.187,0.03,63
2017-01-15 03:29:35,34,President,100,Democratic Party,1,0.256,0.132,0.256,0.132,0.256,0.132,0.256,0.132,1
2017-01-15 03:29:35,35,House,200,Republican Party,94,0.323,-0.367,0.33,-0.4,-0.16,-0.124,-0.085,-0.083,246
2017-01-15 03:29:35,35,House,329,Ind. Democratic Party,2,-0.097,0.087,-0.097,0.087,-0.16,-0.124,-0.085,-0.083,246
2017-01-15 03:29:35,35,House,100,Democratic Party,135,-0.341,0.031,-0.376,0.085,-0.16,-0.124,-0.085,-0.083,246
2017-01-15 03:29:35,35,House,310,American Party,15,-0.072,0.343,-0.075,0.368,-0.16,-0.124,-0.085,-0.083,246
2017-01-15 03:29:35,35,Senate,200,Republican Party,21,0.264,-0.228,0.251,-0.36,-0.342,0.033,-0.201,0.007,73
2017-01-15 03:29:35,35,Senate,100,Democratic Party,47,-0.421,0.137,-0.409,0.128,-0.342,0.033,-0.201,0.007,73
2017-01-15 03:29:35,35,Senate,310,American Party,5,-0.08,0.453,-0.146,0.405,-0.342,0.033,-0.201,0.007,73
2017-01-15 03:29:35,35,President,100,Democratic Party,1,-0.721,-0.045,-0.721,-0.045,-0.721,-0.045,-0.721,-0.045,1
2017-01-15 03:29:35,36,House,100,Democratic Party,87,-0.437,-0.006,-0.426,0.042,0.076,-0.115,-0.029,-0.098,244
2017-01-15 03:29:35,36,House,3334,Opposition Party (36th),19,-0.091,0.156,-0.112,0.216,0.076,-0.115,-0.029,-0.098,244
2017-01-15 03:29:35,36,House,200,Republican Party,118,0.293,-0.265,0.295,-0.302,0.076,-0.115,-0.029,-0.098,244
2017-01-15 03:29:35,36,House,329,Ind. Democratic Party,7,-0.425,0.397,-0.387,0.243,0.076,-0.115,-0.029,-0.098,244
2017-01-15 03:29:35,36,House,108,Anti-Lecompton Democratic Party,8,-0.002,-0.099,-0.01,-0.076,0.076,-0.115,-0.029,-0.098,244
2017-01-15 03:29:35,36,House,310,American Party,5,0.068,0.512,0.024,0.572,0.076,-0.115,-0.029,-0.098,244
2017-01-15 03:29:35,36,Senate,200,Republican Party,27,0.244,-0.244,0.239,-0.373,-0.265,-0.104,-0.164,-0.093,70
2017-01-15 03:29:35,36,Senate,100,Democratic Party,41,-0.445,0.101,-0.433,0.066,-0.265,-0.104,-0.164,-0.093,70
2017-01-15 03:29:35,36,Senate,310,American Party,2,-0.108,0.44,-0.108,0.44,-0.265,-0.104,-0.164,-0.093,70
2017-01-15 03:29:35,36,President,100,Democratic Party,1,-0.721,-0.049,-0.721,-0.049,-0.721,-0.049,-0.721,-0.049,1
2017-01-15 03:29:35,37,House,100,Democratic Party,51,-0.279,0.263,-0.233,0.31,0.228,-0.064,0.116,0.015,201
2017-01-15 03:29:35,37,House,37,Constitutional Unionist Party,2,0.034,0.595,0.034,0.595,0.228,-0.064,0.116,0.015,201
2017-01-15 03:29:35,37,House,200,Republican Party,114,0.317,-0.244,0.307,-0.244,0.228,-0.064,0.116,0.015,201
2017-01-15 03:29:35,37,House,329,Ind. Democratic Party,1,-0.334,0.942,-0.334,0.942,0.228,-0.064,0.116,0.015,201
2017-01-15 03:29:35,37,House,206,Unionist Party,31,-0.001,0.439,0.005,0.379,0.228,-0.064,0.116,0.015,201
2017-01-15 03:29:35,37,House,4444,Constitutional Unionist Party,2,0.138,0.574,0.138,0.574,0.228,-0.064,0.116,0.015,201
2017-01-15 03:29:35,37,Senate,200,Republican Party,36,0.214,-0.236,0.2,-0.346,-0.069,-0.059,-0.074,-0.123,73
2017-01-15 03:29:35,37,Senate,100,Democratic Party,29,-0.421,0.114,-0.393,0.101,-0.069,-0.059,-0.074,-0.123,73
2017-01-15 03:29:35,37,Senate,206,Unionist Party,8,-0.183,0.208,-0.147,0.07,-0.069,-0.059,-0.074,-0.123,73
2017-01-15 03:29:35,37,President,200,Republican Party,1,0.431,0.902,0.431,0.902,0.431,0.902,0.431,0.902,1
2017-01-15 03:29:35,38,House,203,Unconditional Unionist Party,18,0.216,0.27,0.18,0.138,0.196,-0.013,0.055,0.037,189
2017-01-15 03:29:35,38,House,100,Democratic Party,74,-0.306,0.114,-0.288,0.157,0.196,-0.013,0.055,0.037,189
2017-01-15 03:29:35,38,House,200,Republican Party,86,0.346,-0.135,0.348,-0.094,0.196,-0.013,0.055,0.037,189
2017-01-15 03:29:35,38,House,331,Ind. Republican Party,2,0.098,-0.507,0.098,-0.507,0.196,-0.013,0.055,0.037,189
2017-01-15 03:29:35,38,House,206,Unionist Party,9,-0.122,0.56,-0.191,0.232,0.196,-0.013,0.055,0.037,189
2017-01-15 03:29:35,38,Senate,200,Republican Party,34,0.27,-0.138,0.251,-0.21,0.124,0.043,0.086,-0.055,54
2017-01-15 03:29:35,38,Senate,203,Unconditional Unionist Party,5,0.025,-0.037,0.024,-0.092,0.124,0.043,0.086,-0.055,54
2017-01-15 03:29:35,38,Senate,100,Democratic Party,11,-0.303,0.265,-0.296,0.29,0.124,0.043,0.086,-0.055,54
2017-01-15 03:29:35,38,Senate,206,Unionist Party,4,-0.192,0.384,-0.185,0.36,0.124,0.043,0.086,-0.055,54
2017-01-15 03:29:35,38,President,200,Republican Party,1,0.431,0.902,0.431,0.902,0.431,0.902,0.431,0.902,1
2017-01-15 03:29:35,39,House,203,Unconditional Unionist Party,14,0.131,0.175,0.108,0.14,0.271,-0.087,0.132,-0.048,201
2017-01-15 03:29:35,39,House,100,Democratic Party,44,-0.338,0.232,-0.358,0.168,0.271,-0.087,0.132,-0.048,201
2017-01-15 03:29:35,39,House,200,Republican Party,137,0.314,-0.143,0.303,-0.132,0.271,-0.087,0.132,-0.048,201
2017-01-15 03:29:35,39,House,331,Ind. Republican Party,1,0.371,-0.596,0.371,-0.596,0.271,-0.087,0.132,-0.048,201
2017-01-15 03:29:35,39,House,206,Unionist Party,5,-0.255,-0.115,-0.25,-0.06,0.271,-0.087,0.132,-0.048,201
2017-01-15 03:29:35,39,Senate,200,Republican Party,44,0.27,-0.078,0.235,-0.139,0.231,0.033,0.118,-0.044,59
2017-01-15 03:29:35,39,Senate,203,Unconditional Unionist Party,3,0.025,0.278,0.056,0.387,0.231,0.033,0.118,-0.044,59
2017-01-15 03:29:35,39,Senate,100,Democratic Party,11,-0.275,0.182,-0.294,0.175,0.231,0.033,0.118,-0.044,59
2017-01-15 03:29:35,39,Senate,206,Unionist Party,1,-0.289,0.45,-0.289,0.45,0.231,0.033,0.118,-0.044,59
2017-01-15 03:29:35,39,President,200,Republican Party,1,0.433,0.901,0.433,0.901,0.433,0.901,0.433,0.901,1
2017-01-15 03:29:35,40,House,100,Democratic Party,50,-0.356,0.069,-0.368,0.151,0.286,-0.065,0.16,-0.055,233
2017-01-15 03:29:35,40,House,200,Republican Party,178,0.31,-0.104,0.31,-0.125,0.286,-0.065,0.16,-0.055,233
2017-01-15 03:29:35,40,House,331,Ind. Republican Party,2,0.208,0.067,0.208,0.067,0.286,-0.065,0.16,-0.055,233
2017-01-15 03:29:35,40,House,112,Conservative Party,2,-0.034,0.339,-0.034,0.339,0.286,-0.065,0.16,-0.055,233
2017-01-15 03:29:35,40,House,1116,Conservative Republican Party,1,0.068,0.95,0.068,0.95,0.286,-0.065,0.16,-0.055,233
2017-01-15 03:29:35,40,Senate,200,Republican Party,57,0.286,0.059,0.256,0.096,0.252,0.059,0.137,0.095,69
2017-01-15 03:29:35,40,Senate,100,Democratic Party,12,-0.427,0.116,-0.428,0.088,0.252,0.059,0.137,0.095,69
2017-01-15 03:29:35,41,House,200,Republican Party,180,0.326,-0.092,0.323,-0.108,0.281,-0.074,0.118,-0.052,258
2017-01-15 03:29:35,41,House,112,Conservative Party,6,-0.133,0.442,-0.205,0.322,0.281,-0.074,0.118,-0.052,258
2017-01-15 03:29:35,41,House,100,Democratic Party,72,-0.372,-0.025,-0.368,0.056,0.281,-0.074,0.118,-0.052,258
2017-01-15 03:29:35,41,Senate,200,Republican Party,66,0.28,0.032,0.261,0.085,0.259,0.024,0.144,0.055,79
2017-01-15 03:29:35,41,Senate,100,Democratic Party,13,-0.42,-0.136,-0.448,-0.094,0.259,0.024,0.144,0.055,79
2017-01-15 03:29:35,41,President,200,Republican Party,1,0.18,0.018,0.18,0.018,0.18,0.018,0.18,0.018,1
2017-01-15 03:29:35,42,House,200,Republican Party,142,0.327,-0.08,0.324,-0.094,0.238,-0.048,0.037,-0.049,253
2017-01-15 03:29:35,42,House,208,Liberal Republican Party,4,-0.057,0.025,-0.156,0.054,0.238,-0.048,0.037,-0.049,253
2017-01-15 03:29:35,42,House,331,Ind. Republican Party,1,0.467,0.639,0.467,0.639,0.238,-0.048,0.037,-0.049,253
2017-01-15 03:29:35,42,House,100,Democratic Party,106,-0.349,-0.018,-0.345,0.001,0.238,-0.048,0.037,-0.049,253
2017-01-15 03:29:35,42,Senate,200,Republican Party,56,0.284,0.044,0.268,0.046,0.245,-0.086,0.09,-0.023,75
2017-01-15 03:29:35,42,Senate,208,Liberal Republican Party,1,0.022,-0.343,0.022,-0.343,0.245,-0.086,0.09,-0.023,75
2017-01-15 03:29:35,42,Senate,100,Democratic Party,18,-0.456,-0.236,-0.458,-0.221,0.245,-0.086,0.09,-0.023,75
2017-01-15 03:29:35,42,President,200,Republican Party,1,0.18,0.018,0.18,0.018,0.18,0.018,0.18,0.018,1
2017-01-15 03:29:35,43,House,100,Democratic Party,94,-0.38,-0.015,-0.377,-0.027,0.269,-0.053,0.094,-0.075,303
2017-01-15 03:29:35,43,House,200,Republican Party,204,0.325,-0.114,0.317,-0.095,0.269,-0.053,0.094,-0.075,303
2017-01-15 03:29:35,43,House,329,Ind. Democratic Party,1,-0.556,0.011,-0.556,0.011,0.269,-0.053,0.094,-0.075,303
2017-01-15 03:29:35,43,House,331,Ind. Republican Party,1,0.223,-0.812,0.223,-0.812,0.269,-0.053,0.094,-0.075,303
2017-01-15 03:29:35,43,House,208,Liberal Republican Party,3,-0.267,-0.138,-0.129,-0.039,0.269,-0.053,0.094,-0.075,303
2017-01-15 03:29:35,43,Senate,200,Republican Party,51,0.285,0.124,0.275,0.084,0.224,-0.065,0.062,-0.018,79
2017-01-15 03:29:35,43,Senate,208,Liberal Republican Party,7,0.122,-0.343,0.149,-0.219,0.224,-0.065,0.062,-0.018,79
2017-01-15 03:29:35,43,Senate,100,Democratic Party,21,-0.42,-0.139,-0.482,-0.198,0.224,-0.065,0.062,-0.018,79
2017-01-15 03:29:35,43,President,200,Republican Party,1,0.18,0.018,0.18,0.018,0.18,0.018,0.18,0.018,1
2017-01-15 03:29:35,44,House,100,Democratic Party,187,-0.363,-0.111,-0.356,-0.133,-0.223,-0.124,-0.081,-0.131,307
2017-01-15 03:29:35,44,House,200,Republican Party,111,0.364,-0.155,0.362,-0.134,-0.223,-0.124,-0.081,-0.131,307
2017-01-15 03:29:35,44,House,329,Ind. Democratic Party,1,-0.256,0.246,-0.256,0.246,-0.223,-0.124,-0.081,-0.131,307
2017-01-15 03:29:35,44,House,331,Ind. Republican Party,4,0.364,-0.56,0.379,-0.463,-0.223,-0.124,-0.081,-0.131,307
2017-01-15 03:29:35,44,House,328,Independent,4,0.02,0.506,0.025,0.32,-0.223,-0.124,-0.081,-0.131,307
2017-01-15 03:29:35,44,Senate,200,Republican Party,47,0.274,0.103,0.252,0.078,0.163,-0.043,-0.034,0.007,81
2017-01-15 03:29:35,44,Senate,331,Ind. Republican Party,1,0.104,-0.118,0.104,-0.118,0.163,-0.043,-0.034,0.007,81
2017-01-15 03:29:35,44,Senate,100,Democratic Party,33,-0.42,-0.043,-0.446,-0.09,0.163,-0.043,-0.034,0.007,81
2017-01-15 03:29:35,44,President,200,Republican Party,1,0.18,0.018,0.18,0.018,0.18,0.018,0.18,0.018,1
2017-01-15 03:29:35,45,House,200,Republican Party,143,0.379,-0.091,0.368,-0.092,-0.2,-0.085,-0.023,-0.124,303
2017-01-15 03:29:35,45,House,329,Ind. Democratic Party,2,-0.349,0.059,-0.349,0.059,-0.2,-0.085,-0.023,-0.124,303
2017-01-15 03:29:35,45,House,100,Democratic Party,158,-0.377,-0.084,-0.373,-0.155,-0.2,-0.085,-0.023,-0.124,303
2017-01-15 03:29:35,45,Senate,200,Republican Party,43,0.274,0.13,0.267,0.106,0.118,-0.026,-0.063,0.002,82
2017-01-15 03:29:35,45,Senate,328,Independent,1,-0.06,-0.083,-0.06,-0.083,0.118,-0.026,-0.063,0.002,82
2017-01-15 03:29:35,45,Senate,100,Democratic Party,38,-0.417,-0.037,-0.437,-0.113,0.118,-0.026,-0.063,0.002,82
2017-01-15 03:29:35,46,House,200,Republican Party,135,0.399,-0.129,0.395,-0.128,-0.185,-0.051,-0.019,-0.043,299
2017-01-15 03:29:35,46,House,329,Ind. Democratic Party,6,-0.331,0.166,-0.353,0.163,-0.185,-0.051,-0.019,-0.043,299
2017-01-15 03:29:35,46,House,100,Democratic Party,145,-0.395,-0.048,-0.391,-0.049,-0.185,-0.051,-0.019,-0.043,299
2017-01-15 03:29:35,46,House,326,National Greenbacker Party,13,-0.036,0.992,-0.012,0.814,-0.185,-0.051,-0.019,-0.043,299
2017-01-15 03:29:35,46,Senate,200,Republican Party,35,0.286,0.059,0.295,-0.027,-0.353,-0.039,-0.125,-0.078,81
2017-01-15 03:29:35,46,Senate,328,Independent,1,-0.06,-0.083,-0.06,-0.083,-0.353,-0.039,-0.125,-0.078,81
2017-01-15 03:29:35,46,Senate,100,Democratic Party,45,-0.43,-0.039,-0.453,-0.117,-0.353,-0.039,-0.125,-0.078,81
2017-01-15 03:29:35,47,House,100,Democratic Party,136,-0.396,-0.084,-0.395,-0.068,0.259,-0.051,0.026,-0.026,309
2017-01-15 03:29:35,47,House,326,National Greenbacker Party,10,0.032,0.992,0.013,0.863,0.259,-0.051,0.026,-0.026,309
2017-01-15 03:29:35,47,House,200,Republican Party,159,0.391,-0.05,0.388,-0.051,0.259,-0.051,0.026,-0.026,309
2017-01-15 03:29:35,47,House,329,Ind. Democratic Party,1,-0.165,0.087,-0.165,0.087,0.259,-0.051,0.026,-0.026,309
2017-01-15 03:29:35,47,House,328,Independent,1,0.259,-0.291,0.259,-0.291,0.259,-0.051,0.026,-0.026,309
2017-01-15 03:29:35,47,House,117,Readjuster Party,2,-0.009,0.487,-0.009,0.487,0.259,-0.051,0.026,-0.026,309
2017-01-15 03:29:35,47,Senate,200,Republican Party,45,0.314,-0.158,0.315,-0.113,0.196,-0.065,-0.03,-0.081,85
2017-01-15 03:29:35,47,Senate,328,Independent,1,-0.06,-0.083,-0.06,-0.083,0.196,-0.065,-0.03,-0.081,85
2017-01-15 03:29:35,47,Senate,114,Readjuster Party,1,0.397,0.296,0.397,0.296,0.196,-0.065,-0.03,-0.081,85
2017-01-15 03:29:35,47,Senate,100,Democratic Party,38,-0.433,0.008,-0.449,-0.053,0.196,-0.065,-0.03,-0.081,85
2017-01-15 03:29:35,47,President,200,Republican Party,1,0.095,-0.995,0.095,-0.995,0.095,-0.995,0.095,-0.995,1
2017-01-15 03:29:35,48,House,100,Democratic Party,203,-0.337,-0.062,-0.347,-0.053,-0.222,-0.051,-0.066,-0.03,342
2017-01-15 03:29:35,48,House,326,National Greenbacker Party,3,-0.218,0.6,-0.063,0.556,-0.222,-0.051,-0.066,-0.03,342
2017-01-15 03:29:35,48,House,200,Republican Party,125,0.385,-0.005,0.377,0.002,-0.222,-0.051,-0.066,-0.03,342
2017-01-15 03:29:35,48,House,329,Ind. Democratic Party,3,-0.042,0.112,-0.208,0.272,-0.222,-0.051,-0.066,-0.03,342
2017-01-15 03:29:35,48,House,331,Ind. Republican Party,1,0.133,-0.991,0.133,-0.991,-0.222,-0.051,-0.066,-0.03,342
2017-01-15 03:29:35,48,House,328,Independent,2,-0.178,-0.145,-0.178,-0.145,-0.222,-0.051,-0.066,-0.03,342
2017-01-15 03:29:35,48,House,114,Readjuster Party,5,0.348,-0.296,0.316,-0.182,-0.222,-0.051,-0.066,-0.03,342
2017-01-15 03:29:35,48,Senate,200,Republican Party,40,0.308,-0.252,0.311,-0.193,0.196,-0.121,-0.043,-0.135,78
2017-01-15 03:29:35,48,Senate,114,Readjuster Party,2,0.204,0.233,0.204,0.233,0.196,-0.121,-0.043,-0.135,78
2017-01-15 03:29:35,48,Senate,100,Democratic Party,36,-0.433,-0.052,-0.449,-0.092,0.196,-0.121,-0.043,-0.135,78
2017-01-15 03:29:35,48,President,200,Republican Party,1,0.097,-0.995,0.097,-0.995,0.097,-0.995,0.097,-0.995,1
2017-01-15 03:29:35,49,House,200,Republican Party,143,0.391,0.022,0.384,0.053,-0.224,-0.029,-0.042,-0.029,332
2017-01-15 03:29:35,49,House,329,Ind. Democratic Party,1,-0.181,-0.966,-0.181,-0.966,-0.224,-0.029,-0.042,-0.029,332
2017-01-15 03:29:35,49,House,100,Democratic Party,187,-0.357,-0.052,-0.366,-0.093,-0.224,-0.029,-0.042,-0.029,332
2017-01-15 03:29:35,49,House,326,National Greenbacker Party,1,-0.078,0.997,-0.078,0.997,-0.224,-0.029,-0.042,-0.029,332
2017-01-15 03:29:35,49,Senate,200,Republican Party,45,0.288,-0.218,0.298,-0.159,0.185,-0.121,-0.047,-0.144,84
2017-01-15 03:29:35,49,Senate,100,Democratic Party,39,-0.43,-0.071,-0.446,-0.126,0.185,-0.121,-0.047,-0.144,84
2017-01-15 03:29:35,49,President,100,Democratic Party,1,-0.361,-0.757,-0.361,-0.757,-0.361,-0.757,-0.361,-0.757,1
2017-01-15 03:29:35,50,House,355,Union Labor Party,2,-0.156,0.707,-0.156,0.707,-0.173,-0.08,-0.007,-0.066,329
2017-01-15 03:29:35,50,House,100,Democratic Party,170,-0.379,-0.182,-0.37,-0.196,-0.173,-0.08,-0.007,-0.066,329
2017-01-15 03:29:35,50,House,326,National Greenbacker Party,1,-0.078,0.997,-0.078,0.997,-0.173,-0.08,-0.007,-0.066,329
2017-01-15 03:29:35,50,House,200,Republican Party,153,0.398,0.048,0.395,0.047,-0.173,-0.08,-0.007,-0.066,329
2017-01-15 03:29:35,50,House,331,Ind. Republican Party,2,0.177,0.976,0.177,0.976,-0.173,-0.08,-0.007,-0.066,329
2017-01-15 03:29:35,50,House,328,Independent,1,0.337,0.016,0.337,0.016,-0.173,-0.08,-0.007,-0.066,329
2017-01-15 03:29:35,50,Senate,200,Republican Party,40,0.287,-0.23,0.289,-0.179,0.161,-0.14,-0.071,-0.152,77
2017-01-15 03:29:35,50,Senate,100,Democratic Party,37,-0.457,-0.071,-0.459,-0.123,0.161,-0.14,-0.071,-0.152,77
2017-01-15 03:29:35,50,President,100,Democratic Party,1,-0.361,-0.757,-0.361,-0.757,-0.361,-0.757,-0.361,-0.757,1
2017-01-15 03:29:35,51,House,200,Republican Party,184,0.408,0.056,0.412,0.091,0.172,-0.056,0.031,-0.062,354
2017-01-15 03:29:35,51,House,356,Union Labor Party,1,0.181,0.139,0.181,0.139,0.172,-0.056,0.031,-0.062,354
2017-01-15 03:29:35,51,House,100,Democratic Party,169,-0.381,-0.206,-0.384,-0.23,0.172,-0.056,0.031,-0.062,354
2017-01-15 03:29:35,51,Senate,200,Republican Party,53,0.304,-0.183,0.312,-0.105,0.204,-0.122,-0.007,-0.113,91
2017-01-15 03:29:35,51,Senate,100,Democratic Party,38,-0.447,-0.078,-0.453,-0.124,0.204,-0.122,-0.007,-0.113,91
2017-01-15 03:29:35,51,President,200,Republican Party,1,0.268,-0.182,0.268,-0.182,0.268,-0.182,0.268,-0.182,1
2017-01-15 03:29:35,52,House,200,Republican Party,89,0.426,0.016,0.425,0.044,-0.261,-0.125,-0.139,-0.136,344
2017-01-15 03:29:35,52,House,340,Populist Party,8,-0.159,0.986,-0.166,0.984,-0.261,-0.125,-0.139,-0.136,344
2017-01-15 03:29:35,52,House,100,Democratic Party,247,-0.32,-0.206,-0.341,-0.237,-0.261,-0.125,-0.139,-0.136,344
2017-01-15 03:29:35,52,Senate,200,Republican Party,49,0.305,-0.187,0.311,-0.116,0.075,-0.142,-0.05,-0.13,96
2017-01-15 03:29:35,52,Senate,340,Populist Party,2,-0.083,0.74,-0.083,0.74,0.075,-0.142,-0.05,-0.13,96
2017-01-15 03:29:35,52,Senate,100,Democratic Party,45,-0.43,-0.086,-0.441,-0.185,0.075,-0.142,-0.05,-0.13,96
2017-01-15 03:29:35,52,President,200,Republican Party,1,0.268,-0.182,0.268,-0.182,0.268,-0.182,0.268,-0.182,1
2017-01-15 03:29:35,53,House,100,Democratic Party,228,-0.339,-0.202,-0.352,-0.203,-0.235,-0.115,-0.064,-0.102,375
2017-01-15 03:29:35,53,House,200,Republican Party,133,0.439,-0.032,0.44,-0.001,-0.235,-0.115,-0.064,-0.102,375
2017-01-15 03:29:35,53,House,329,Ind. Democratic Party,2,-0.217,-0.738,-0.217,-0.738,-0.235,-0.115,-0.064,-0.102,375
2017-01-15 03:29:35,53,House,340,Populist Party,11,-0.16,0.986,-0.165,0.892,-0.235,-0.115,-0.064,-0.102,375
2017-01-15 03:29:35,53,House,1060,Silver Party,1,-0.177,-0.067,-0.177,-0.067,-0.235,-0.115,-0.064,-0.102,375
2017-01-15 03:29:35,53,Senate,200,Republican Party,44,0.311,-0.185,0.323,-0.131,-0.166,-0.091,-0.072,-0.112,96
2017-01-15 03:29:35,53,Senate,100,Democratic Party,48,-0.426,-0.024,-0.438,-0.158,-0.166,-0.091,-0.072,-0.112,96
2017-01-15 03:29:35,53,Senate,340,Populist Party,3,-0.108,0.977,-0.127,0.819,-0.166,-0.091,-0.072,-0.112,96
2017-01-15 03:29:35,53,Senate,1060,Silver Party,1,0.252,0.215,0.252,0.215,-0.166,-0.091,-0.072,-0.112,96
2017-01-15 03:29:35,53,President,100,Democratic Party,1,-0.362,-0.758,-0.362,-0.758,-0.362,-0.758,-0.362,-0.758,1
2017-01-15 03:29:35,54,House,200,Republican Party,253,0.43,0.052,0.416,0.039,0.354,0.044,0.166,0.021,366
2017-01-15 03:29:35,54,House,340,Populist Party,9,-0.158,0.974,-0.112,0.896,0.354,0.044,0.166,0.021,366
2017-01-15 03:29:35,54,House,100,Democratic Party,103,-0.422,-0.091,-0.422,-0.1,0.354,0.044,0.166,0.021,366
2017-01-15 03:29:35,54,House,1060,Silver Party,1,-0.177,-0.067,-0.177,-0.067,0.354,0.044,0.166,0.021,366
2017-01-15 03:29:35,54,Senate,200,Republican Party,44,0.322,-0.152,0.346,-0.091,0.075,-0.055,-0.02,-0.078,90
2017-01-15 03:29:35,54,Senate,100,Democratic Party,40,-0.414,-0.106,-0.423,-0.173,0.075,-0.055,-0.02,-0.078,90
2017-01-15 03:29:35,54,Senate,340,Populist Party,4,-0.161,0.976,-0.15,0.858,0.075,-0.055,-0.02,-0.078,90
2017-01-15 03:29:35,54,Senate,1060,Silver Party,2,0.228,0.224,0.228,0.224,0.075,-0.055,-0.02,-0.078,90
2017-01-15 03:29:35,54,President,100,Democratic Party,1,-0.361,-0.757,-0.361,-0.757,-0.361,-0.757,-0.361,-0.757,1
2017-01-15 03:29:35,55,House,354,Silver Republican Party,3,-0.198,0.465,-0.113,0.393,0.32,0.059,0.093,0.055,371
2017-01-15 03:29:35,55,House,100,Democratic Party,132,-0.396,0.122,-0.389,0.062,0.32,0.059,0.093,0.055,371
2017-01-15 03:29:35,55,House,200,Republican Party,212,0.434,-0.047,0.43,-0.042,0.32,0.059,0.093,0.055,371
2017-01-15 03:29:35,55,House,331,Ind. Republican Party,1,0.443,-0.085,0.443,-0.085,0.32,0.059,0.093,0.055,371
2017-01-15 03:29:35,55,House,340,Populist Party,22,-0.254,0.951,-0.249,0.916,0.32,0.059,0.093,0.055,371
2017-01-15 03:29:35,55,House,1060,Silver Party,1,-0.177,-0.067,-0.177,-0.067,0.32,0.059,0.093,0.055,371
2017-01-15 03:29:35,55,Senate,354,Silver Republican Party,5,0.095,0.825,0.067,0.79,0.161,-0.14,0.017,-0.102,95
2017-01-15 03:29:35,55,Senate,100,Democratic Party,37,-0.424,0.0,-0.426,-0.126,0.161,-0.14,0.017,-0.102,95
2017-01-15 03:29:35,55,Senate,200,Republican Party,46,0.374,-0.303,0.381,-0.295,0.161,-0.14,0.017,-0.102,95
2017-01-15 03:29:35,55,Senate,340,Populist Party,5,-0.214,0.968,-0.191,0.835,0.161,-0.14,0.017,-0.102,95
2017-01-15 03:29:35,55,Senate,1060,Silver Party,2,0.228,0.224,0.228,0.224,0.161,-0.14,0.017,-0.102,95
2017-01-15 03:29:35,55,President,200,Republican Party,1,0.232,0.372,0.232,0.372,0.232,0.372,0.232,0.372,1
2017-01-15 03:29:35,56,House,354,Silver Republican Party,2,-0.124,0.249,-0.124,0.249,0.29,0.006,0.058,-0.01,376
2017-01-15 03:29:35,56,House,100,Democratic Party,169,-0.36,-0.011,-0.365,-0.049,0.29,0.006,0.058,-0.01,376
2017-01-15 03:29:35,56,House,200,Republican Party,197,0.442,-0.005,0.437,-0.01,0.29,0.006,0.058,-0.01,376
2017-01-15 03:29:35,56,House,340,Populist Party,7,-0.298,0.954,-0.329,0.859,0.29,0.006,0.058,-0.01,376
2017-01-15 03:29:35,56,House,1060,Silver Party,1,-0.177,-0.067,-0.177,-0.067,0.29,0.006,0.058,-0.01,376
2017-01-15 03:29:35,56,Senate,354,Silver Republican Party,3,0.071,0.825,0.027,0.769,0.287,-0.143,0.107,-0.085,94
2017-01-15 03:29:35,56,Senate,100,Democratic Party,28,-0.432,-0.062,-0.418,-0.097,0.287,-0.143,0.107,-0.085,94
2017-01-15 03:29:35,56,Senate,200,Republican Party,56,0.386,-0.244,0.397,-0.219,0.287,-0.143,0.107,-0.085,94
2017-01-15 03:29:35,56,Senate,340,Populist Party,5,-0.214,0.968,-0.191,0.835,0.287,-0.143,0.107,-0.085,94
2017-01-15 03:29:35,56,Senate,1060,Silver Party,2,0.228,0.224,0.228,0.224,0.287,-0.143,0.107,-0.085,94
2017-01-15 03:29:35,56,President,200,Republican Party,1,0.232,0.372,0.232,0.372,0.232,0.372,0.232,0.372,1
2017-01-15 03:29:35,57,House,200,Republican Party,206,0.444,-0.064,0.448,-0.045,0.342,0.006,0.085,-0.012,372
2017-01-15 03:29:35,57,House,340,Populist Party,5,-0.284,0.542,-0.281,0.524,0.342,0.006,0.085,-0.012,372
2017-01-15 03:29:35,57,House,354,Silver Republican Party,1,-0.198,0.121,-0.198,0.121,0.342,0.006,0.085,-0.012,372
2017-01-15 03:29:35,57,House,100,Democratic Party,160,-0.364,0.042,-0.369,0.012,0.342,0.006,0.085,-0.012,372
2017-01-15 03:29:35,57,Senate,200,Republican Party,60,0.402,-0.295,0.399,-0.19,0.296,-0.187,0.124,-0.11,94
2017-01-15 03:29:35,57,Senate,100,Democratic Party,32,-0.397,-0.011,-0.374,-0.019,0.296,-0.187,0.124,-0.11,94
2017-01-15 03:29:35,57,Senate,340,Populist Party,2,-0.189,0.877,-0.189,0.877,0.296,-0.187,0.124,-0.11,94
2017-01-15 03:29:35,57,President,200,Republican Party,2,0.318,0.425,0.318,0.425,0.318,0.425,0.318,0.425,2
2017-01-15 03:29:35,58,House,200,Republican Party,214,0.444,-0.044,0.45,-0.006,0.339,-0.026,0.086,-0.027,393
2017-01-15 03:29:35,58,House,331,Ind. Republican Party,3,0.58,-0.808,0.585,-0.781,0.339,-0.026,0.086,-0.027,393
2017-01-15 03:29:35,58,House,100,Democratic Party,176,-0.368,0.016,-0.364,-0.04,0.339,-0.026,0.086,-0.027,393
2017-01-15 03:29:35,58,Senate,200,Republican Party,60,0.435,-0.295,0.434,-0.199,0.318,-0.222,0.152,-0.179,93
2017-01-15 03:29:35,58,Senate,100,Democratic Party,33,-0.39,-0.144,-0.361,-0.141,0.318,-0.222,0.152,-0.179,93
2017-01-15 03:29:35,58,President,200,Republican Party,1,0.403,0.476,0.403,0.476,0.403,0.476,0.403,0.476,1
2017-01-15 03:29:35,59,House,200,Republican Party,259,0.444,-0.069,0.445,-0.036,0.382,-0.046,0.158,-0.037,397
2017-01-15 03:29:35,59,House,100,Democratic Party,138,-0.395,-0.007,-0.38,-0.039,0.382,-0.046,0.158,-0.037,397
2017-01-15 03:29:35,59,Senate,200,Republican Party,61,0.432,-0.244,0.436,-0.157,0.33,-0.187,0.143,-0.147,96
2017-01-15 03:29:35,59,Senate,100,Democratic Party,35,-0.395,-0.144,-0.367,-0.13,0.33,-0.187,0.143,-0.147,96
2017-01-15 03:29:35,59,President,200,Republican Party,1,0.403,0.476,0.403,0.476,0.403,0.476,0.403,0.476,1
2017-01-15 03:29:35,60,House,200,Republican Party,230,0.442,-0.029,0.439,-0.002,0.353,-0.024,0.102,-0.026,399
2017-01-15 03:29:35,60,House,331,Ind. Republican Party,1,0.551,-0.746,0.551,-0.746,0.353,-0.024,0.102,-0.026,399
2017-01-15 03:29:35,60,House,100,Democratic Party,168,-0.366,-0.01,-0.36,-0.054,0.353,-0.024,0.102,-0.026,399
2017-01-15 03:29:35,60,Senate,200,Republican Party,65,0.426,-0.19,0.426,-0.094,0.325,-0.183,0.145,-0.128,101
2017-01-15 03:29:35,60,Senate,100,Democratic Party,36,-0.391,-0.176,-0.361,-0.19,0.325,-0.183,0.145,-0.128,101
2017-01-15 03:29:35,60,President,200,Republican Party,1,0.403,0.476,0.403,0.476,0.403,0.476,0.403,0.476,1
2017-01-15 03:29:35,61,House,200,Republican Party,222,0.432,-0.051,0.427,-0.035,0.329,-0.018,0.079,-0.028,401
2017-01-15 03:29:35,61,House,100,Democratic Party,179,-0.365,0.018,-0.353,-0.018,0.329,-0.018,0.079,-0.028,401
2017-01-15 03:29:35,61,Senate,200,Republican Party,63,0.417,-0.129,0.417,-0.066,0.317,-0.167,0.124,-0.139,101
2017-01-15 03:29:35,61,Senate,100,Democratic Party,38,-0.38,-0.205,-0.361,-0.262,0.317,-0.167,0.124,-0.139,101
2017-01-15 03:29:35,61,President,200,Republican Party,1,0.175,-0.985,0.175,-0.985,0.175,-0.985,0.175,-0.985,1
2017-01-15 03:29:35,62,House,200,Republican Party,169,0.414,-0.004,0.414,0.031,-0.193,-0.002,-0.017,-0.006,408
2017-01-15 03:29:35,62,House,380,Socialist Party,1,0.176,0.635,0.176,0.635,-0.193,-0.002,-0.017,-0.006,408
2017-01-15 03:29:35,62,House,100,Democratic Party,237,-0.32,-0.002,-0.325,-0.039,-0.193,-0.002,-0.017,-0.006,408
2017-01-15 03:29:35,62,House,213,Progressive Republican Party,1,0.11,0.866,0.11,0.866,-0.193,-0.002,-0.017,-0.006,408
2017-01-15 03:29:35,62,Senate,200,Republican Party,57,0.417,-0.128,0.407,-0.023,0.195,-0.142,0.069,-0.095,108
2017-01-15 03:29:35,62,Senate,100,Democratic Party,51,-0.298,-0.162,-0.31,-0.176,0.195,-0.142,0.069,-0.095,108
2017-01-15 03:29:35,62,President,200,Republican Party,1,0.175,-0.985,0.175,-0.985,0.175,-0.985,0.175,-0.985,1
2017-01-15 03:29:35,63,House,200,Republican Party,138,0.401,0.12,0.404,0.049,-0.222,0.049,-0.076,-0.007,449
2017-01-15 03:29:35,63,House,328,Independent,1,0.083,0.203,0.083,0.203,-0.222,0.049,-0.076,-0.007,449
2017-01-15 03:29:35,63,House,370,Progressive Party,9,0.29,0.557,0.289,0.401,-0.222,0.049,-0.076,-0.007,449
2017-01-15 03:29:35,63,House,100,Democratic Party,301,-0.304,0.025,-0.308,-0.045,-0.222,0.049,-0.076,-0.007,449
2017-01-15 03:29:35,63,Senate,200,Republican Party,44,0.417,-0.038,0.407,0.03,-0.143,-0.095,0.023,-0.066,101
2017-01-15 03:29:35,63,Senate,370,Progressive Party,1,0.199,0.341,0.199,0.341,-0.143,-0.095,0.023,-0.066,101
2017-01-15 03:29:35,63,Senate,100,Democratic Party,56,-0.278,-0.141,-0.281,-0.15,-0.143,-0.095,0.023,-0.066,101
2017-01-15 03:29:35,63,President,100,Democratic Party,1,-0.398,-0.559,-0.398,-0.559,-0.398,-0.559,-0.398,-0.559,1
2017-01-15 03:29:35,64,House,100,Democratic Party,234,-0.318,0.169,-0.314,0.082,-0.103,0.105,0.023,0.026,443
2017-01-15 03:29:35,64,House,200,Republican Party,200,0.41,0.013,0.41,-0.044,-0.103,0.105,0.023,0.026,443
2017-01-15 03:29:35,64,House,328,Independent,1,0.083,0.203,0.083,0.203,-0.103,0.105,0.023,0.026,443
2017-01-15 03:29:35,64,House,370,Progressive Party,6,0.313,-0.059,0.246,-0.033,-0.103,0.105,0.023,0.026,443
2017-01-15 03:29:35,64,House,347,Prohibitionist Party,1,0.026,0.591,0.026,0.591,-0.103,0.105,0.023,0.026,443
2017-01-15 03:29:35,64,House,380,Socialist Party,1,-0.026,0.512,-0.026,0.512,-0.103,0.105,0.023,0.026,443
2017-01-15 03:29:35,64,Senate,200,Republican Party,42,0.432,-0.05,0.422,0.025,-0.175,-0.057,0.012,-0.045,100
2017-01-15 03:29:35,64,Senate,100,Democratic Party,58,-0.286,-0.064,-0.285,-0.095,-0.175,-0.057,0.012,-0.045,100
2017-01-15 03:29:35,64,President,100,Democratic Party,1,-0.398,-0.558,-0.398,-0.558,-0.398,-0.558,-0.398,-0.558,1
2017-01-15 03:29:35,65,House,100,Democratic Party,225,-0.312,0.201,-0.308,0.119,0.002,0.121,0.049,0.049,454
2017-01-15 03:29:35,65,House,200,Republican Party,223,0.4,0.0,0.408,-0.03,0.002,0.121,0.049,0.049,454
2017-01-15 03:29:35,65,House,331,Ind. Republican Party,1,0.178,0.036,0.178,0.036,0.002,0.121,0.049,0.049,454
2017-01-15 03:29:35,65,House,370,Progressive Party,3,0.214,0.233,0.134,0.291,0.002,0.121,0.049,0.049,454
2017-01-15 03:29:35,65,House,347,Prohibitionist Party,1,0.026,0.591,0.026,0.591,0.002,0.121,0.049,0.049,454
2017-01-15 03:29:35,65,House,380,Socialist Party,1,-0.026,0.512,-0.026,0.512,0.002,0.121,0.049,0.049,454
2017-01-15 03:29:35,65,Senate,200,Republican Party,47,0.403,-0.044,0.419,0.033,-0.178,-0.065,0.025,-0.055,108
2017-01-15 03:29:35,65,Senate,100,Democratic Party,61,-0.269,-0.137,-0.279,-0.123,-0.178,-0.065,0.025,-0.055,108
2017-01-15 03:29:35,65,President,100,Democratic Party,1,-0.398,-0.559,-0.398,-0.559,-0.398,-0.559,-0.398,-0.559,1
2017-01-15 03:29:35,66,House,356,Union Labor Party,1,-0.077,0.786,-0.077,0.786,0.276,0.135,0.081,0.06,455
2017-01-15 03:29:35,66,House,200,Republican Party,248,0.409,0.058,0.405,0.002,0.276,0.135,0.081,0.06,455
2017-01-15 03:29:35,66,House,331,Ind. Republican Party,1,0.194,0.981,0.194,0.981,0.276,0.135,0.081,0.06,455
2017-01-15 03:29:35,66,House,100,Democratic Party,204,-0.32,0.258,-0.311,0.12,0.276,0.135,0.081,0.06,455
2017-01-15 03:29:35,66,House,347,Prohibitionist Party,1,0.026,0.591,0.026,0.591,0.276,0.135,0.081,0.06,455
2017-01-15 03:29:35,66,Senate,200,Republican Party,51,0.426,-0.055,0.425,0.033,0.098,-0.069,0.069,-0.062,101
2017-01-15 03:29:35,66,Senate,100,Democratic Party,50,-0.281,-0.14,-0.293,-0.158,0.098,-0.069,0.069,-0.062,101
2017-01-15 03:29:35,66,President,100,Democratic Party,1,-0.398,-0.558,-0.398,-0.558,-0.398,-0.558,-0.398,-0.558,1
2017-01-15 03:29:35,67,House,200,Republican Party,311,0.403,0.041,0.395,0.006,0.336,0.146,0.178,0.103,451
2017-01-15 03:29:35,67,House,380,Socialist Party,1,-0.026,0.512,-0.026,0.512,0.336,0.146,0.178,0.103,451
2017-01-15 03:29:35,67,House,331,Ind. Republican Party,1,0.452,-0.062,0.452,-0.062,0.336,0.146,0.178,0.103,451
2017-01-15 03:29:35,67,House,100,Democratic Party,138,-0.312,0.408,-0.31,0.318,0.336,0.146,0.178,0.103,451
2017-01-15 03:29:35,67,Senate,200,Republican Party,66,0.432,0.042,0.421,0.063,0.271,-0.055,0.158,-0.012,105
2017-01-15 03:29:35,67,Senate,100,Democratic Party,39,-0.269,-0.137,-0.286,-0.139,0.271,-0.055,0.158,-0.012,105
2017-01-15 03:29:35,67,President,200,Republican Party,1,0.445,-0.748,0.445,-0.748,0.445,-0.748,0.445,-0.748,1
2017-01-15 03:29:35,68,House,200,Republican Party,233,0.413,0.109,0.407,0.054,0.208,0.22,0.072,0.15,453
2017-01-15 03:29:35,68,House,380,Socialist Party,1,0.176,0.635,0.176,0.635,0.208,0.22,0.072,0.15,453
2017-01-15 03:29:35,68,House,100,Democratic Party,217,-0.279,0.383,-0.289,0.243,0.208,0.22,0.072,0.15,453
2017-01-15 03:29:35,68,House,537,Farmer-Labor Party,2,0.151,0.988,0.151,0.988,0.208,0.22,0.072,0.15,453
2017-01-15 03:29:35,68,Senate,200,Republican Party,59,0.43,0.053,0.414,0.061,0.225,0.048,0.134,0.015,104
2017-01-15 03:29:35,68,Senate,537,Farmer-Labor Party,2,0.19,0.908,0.19,0.908,0.225,0.048,0.134,0.015,104
2017-01-15 03:29:35,68,Senate,100,Democratic Party,43,-0.259,-0.028,-0.253,-0.09,0.225,0.048,0.134,0.015,104
2017-01-15 03:29:35,68,President,200,Republican Party,2,0.42,-0.218,0.42,-0.218,0.42,-0.218,0.42,-0.218,2
2017-01-15 03:29:35,69,House,100,Democratic Party,185,-0.265,0.521,-0.281,0.329,0.265,0.205,0.108,0.153,440
2017-01-15 03:29:35,69,House,200,Republican Party,250,0.401,0.053,0.395,0.009,0.265,0.205,0.108,0.153,440
2017-01-15 03:29:35,69,House,522,American Labor Party,1,0.208,0.66,0.208,0.66,0.265,0.205,0.108,0.153,440
2017-01-15 03:29:35,69,House,537,Farmer-Labor Party,3,0.151,0.988,0.075,0.921,0.265,0.205,0.108,0.153,440
2017-01-15 03:29:35,69,House,380,Socialist Party,1,0.176,0.635,0.176,0.635,0.265,0.205,0.108,0.153,440
2017-01-15 03:29:35,69,Senate,200,Republican Party,61,0.419,0.14,0.398,0.145,0.221,0.046,0.123,0.056,105
2017-01-15 03:29:35,69,Senate,537,Farmer-Labor Party,1,0.21,0.978,0.21,0.978,0.221,0.046,0.123,0.056,105
2017-01-15 03:29:35,69,Senate,100,Democratic Party,43,-0.267,-0.055,-0.269,-0.092,0.221,0.046,0.123,0.056,105
2017-01-15 03:29:35,69,President,200,Republican Party,1,0.396,0.31,0.396,0.31,0.396,0.31,0.396,0.31,1
2017-01-15 03:29:35,70,House,200,Republican Party,241,0.39,0.055,0.382,0.02,0.214,0.194,0.081,0.155,442
2017-01-15 03:29:35,70,House,380,Socialist Party,1,0.176,0.635,0.176,0.635,0.214,0.194,0.081,0.155,442
2017-01-15 03:29:35,70,House,100,Democratic Party,198,-0.266,0.523,-0.286,0.309,0.214,0.194,0.081,0.155,442
2017-01-15 03:29:35,70,House,537,Farmer-Labor Party,2,0.037,0.887,0.037,0.887,0.214,0.194,0.081,0.155,442
2017-01-15 03:29:35,70,Senate,200,Republican Party,53,0.417,0.14,0.393,0.149,0.133,0.043,0.078,0.063,102
2017-01-15 03:29:35,70,Senate,537,Farmer-Labor Party,1,0.21,0.978,0.21,0.978,0.133,0.043,0.078,0.063,102
2017-01-15 03:29:35,70,Senate,100,Democratic Party,48,-0.263,-0.034,-0.273,-0.05,0.133,0.043,0.078,0.063,102
2017-01-15 03:29:35,70,President,200,Republican Party,1,0.395,0.314,0.395,0.314,0.395,0.314,0.395,0.314,1
2017-01-15 03:29:35,71,House,200,Republican Party,277,0.376,0.054,0.369,0.015,0.259,0.175,0.117,0.125,452
2017-01-15 03:29:35,71,House,537,Farmer-Labor Party,2,-0.014,0.35,-0.014,0.35,0.259,0.175,0.117,0.125,452
2017-01-15 03:29:35,71,House,100,Democratic Party,173,-0.265,0.515,-0.284,0.298,0.259,0.175,0.117,0.125,452
2017-01-15 03:29:35,71,Senate,200,Republican Party,64,0.418,0.046,0.403,0.068,0.221,0.041,0.126,0.054,109
2017-01-15 03:29:35,71,Senate,537,Farmer-Labor Party,1,0.21,0.978,0.21,0.978,0.221,0.041,0.126,0.054,109
2017-01-15 03:29:35,71,Senate,100,Democratic Party,44,-0.268,0.001,-0.278,0.013,0.221,0.041,0.126,0.054,109
2017-01-15 03:29:35,72,House,200,Republican Party,220,0.378,-0.026,0.36,-0.036,0.005,0.192,0.044,0.147,452
2017-01-15 03:29:35,72,House,537,Farmer-Labor Party,1,-0.179,-0.29,-0.179,-0.29,0.005,0.192,0.044,0.147,452
2017-01-15 03:29:35,72,House,100,Democratic Party,231,-0.249,0.503,-0.256,0.324,0.005,0.192,0.044,0.147,452
2017-01-15 03:29:35,72,Senate,200,Republican Party,52,0.37,0.074,0.367,0.081,0.065,0.114,0.071,0.131,105
2017-01-15 03:29:35,72,Senate,537,Farmer-Labor Party,1,0.21,0.978,0.21,0.978,0.065,0.114,0.071,0.131,105
2017-01-15 03:29:35,72,Senate,100,Democratic Party,52,-0.236,0.116,-0.227,0.164,0.065,0.114,0.071,0.131,105
2017-01-15 03:29:35,73,House,200,Republican Party,120,0.348,-0.203,0.331,-0.241,-0.175,0.075,-0.091,0.096,447
2017-01-15 03:29:35,73,House,537,Farmer-Labor Party,5,0.17,0.435,0.107,0.456,-0.175,0.075,-0.091,0.096,447
2017-01-15 03:29:35,73,House,100,Democratic Party,322,-0.241,0.31,-0.251,0.215,-0.175,0.075,-0.091,0.096,447
2017-01-15 03:29:35,73,Senate,200,Republican Party,37,0.323,0.048,0.332,0.096,-0.053,0.228,-0.01,0.199,103
2017-01-15 03:29:35,73,Senate,537,Farmer-Labor Party,1,0.21,0.978,0.21,0.978,-0.053,0.228,-0.01,0.199,103
2017-01-15 03:29:35,73,Senate,100,Democratic Party,65,-0.221,0.243,-0.208,0.246,-0.053,0.228,-0.01,0.199,103
2017-01-15 03:29:35,73,President,100,Democratic Party,1,-0.368,0.245,-0.368,0.245,-0.368,0.245,-0.368,0.245,1
2017-01-15 03:29:35,74,House,200,Republican Party,105,0.318,-0.243,0.305,-0.27,-0.18,0.02,-0.119,0.063,442
2017-01-15 03:29:35,74,House,537,Farmer-Labor Party,3,-0.179,-0.29,-0.077,0.031,-0.18,0.02,-0.119,0.063,442
2017-01-15 03:29:35,74,House,370,Progressive Party,7,-0.119,-0.744,-0.108,-0.448,-0.18,0.02,-0.119,0.063,442
2017-01-15 03:29:35,74,House,100,Democratic Party,327,-0.243,0.166,-0.256,0.182,-0.18,0.02,-0.119,0.063,442
2017-01-15 03:29:35,74,Senate,200,Republican Party,25,0.276,0.217,0.297,0.173,-0.127,0.253,-0.076,0.239,103
2017-01-15 03:29:35,74,Senate,537,Farmer-Labor Party,2,0.115,0.989,0.115,0.989,-0.127,0.253,-0.076,0.239,103
2017-01-15 03:29:35,74,Senate,370,Progressive Party,1,0.048,0.95,0.048,0.95,-0.127,0.253,-0.076,0.239,103
2017-01-15 03:29:35,74,Senate,100,Democratic Party,75,-0.209,0.243,-0.208,0.231,-0.127,0.253,-0.076,0.239,103
2017-01-15 03:29:35,74,President,100,Democratic Party,1,-0.368,0.245,-0.368,0.245,-0.368,0.245,-0.368,0.245,1
2017-01-15 03:29:35,75,House,200,Republican Party,93,0.318,-0.16,0.314,-0.177,-0.197,0.02,-0.136,0.076,446
2017-01-15 03:29:35,75,House,537,Farmer-Labor Party,5,-0.28,-0.936,-0.278,-0.746,-0.197,0.02,-0.136,0.076,446
2017-01-15 03:29:35,75,House,370,Progressive Party,8,-0.142,-0.508,-0.151,-0.421,-0.197,0.02,-0.136,0.076,446
2017-01-15 03:29:35,75,House,100,Democratic Party,340,-0.239,0.136,-0.256,0.169,-0.197,0.02,-0.136,0.076,446
2017-01-15 03:29:35,75,Senate,100,Democratic Party,82,-0.228,0.24,-0.228,0.242,-0.171,0.237,-0.131,0.238,103
2017-01-15 03:29:35,75,Senate,200,Republican Party,17,0.255,-0.018,0.267,0.042,-0.171,0.237,-0.131,0.238,103
2017-01-15 03:29:35,75,Senate,328,Independent,1,0.134,0.991,0.134,0.991,-0.171,0.237,-0.131,0.238,103
2017-01-15 03:29:35,75,Senate,370,Progressive Party,1,0.048,0.95,0.048,0.95,-0.171,0.237,-0.131,0.238,103
2017-01-15 03:29:35,75,Senate,537,Farmer-Labor Party,2,0.213,0.977,0.213,0.977,-0.171,0.237,-0.131,0.238,103
2017-01-15 03:29:35,75,President,100,Democratic Party,1,-0.368,0.245,-0.368,0.245,-0.368,0.245,-0.368,0.245,1
2017-01-15 03:29:35,76,House,100,Democratic Party,273,-0.232,0.358,-0.249,0.274,-0.106,-0.031,-0.031,0.061,455
2017-01-15 03:29:35,76,House,200,Republican Party,178,0.302,-0.243,0.308,-0.25,-0.106,-0.031,-0.031,0.061,455
2017-01-15 03:29:35,76,House,522,American Labor Party,1,-0.415,-0.91,-0.415,-0.91,-0.106,-0.031,-0.031,0.061,455
2017-01-15 03:29:35,76,House,370,Progressive Party,2,-0.101,-0.538,-0.101,-0.538,-0.106,-0.031,-0.031,0.061,455
2017-01-15 03:29:35,76,House,537,Farmer-Labor Party,1,-0.268,-0.593,-0.268,-0.593,-0.106,-0.031,-0.031,0.061,455
2017-01-15 03:29:35,76,Senate,100,Democratic Party,73,-0.224,0.243,-0.22,0.261,-0.111,0.204,-0.083,0.195,104
2017-01-15 03:29:35,76,Senate,200,Republican Party,27,0.246,-0.172,0.254,-0.101,-0.111,0.204,-0.083,0.195,104
2017-01-15 03:29:35,76,Senate,328,Independent,1,0.134,0.991,0.134,0.991,-0.111,0.204,-0.083,0.195,104
2017-01-15 03:29:35,76,Senate,370,Progressive Party,1,0.048,0.95,0.048,0.95,-0.111,0.204,-0.083,0.195,104
2017-01-15 03:29:35,76,Senate,537,Farmer-Labor Party,2,0.213,0.977,0.213,0.977,-0.111,0.204,-0.083,0.195,104
2017-01-15 03:29:35,76,President,100,Democratic Party,1,-0.368,0.245,-0.368,0.245,-0.368,0.245,-0.368,0.245,1
2017-01-15 03:29:35,77,House,100,Democratic Party,276,-0.237,0.274,-0.258,0.262,-0.118,-0.038,-0.044,0.065,450
2017-01-15 03:29:35,77,House,200,Republican Party,168,0.316,-0.209,0.313,-0.24,-0.118,-0.038,-0.044,0.065,450
2017-01-15 03:29:35,77,House,329,Ind. Democratic Party,1,-0.302,0.6,-0.302,0.6,-0.118,-0.038,-0.044,0.065,450
2017-01-15 03:29:35,77,House,522,American Labor Party,1,-0.415,-0.91,-0.415,-0.91,-0.118,-0.038,-0.044,0.065,450
2017-01-15 03:29:35,77,House,370,Progressive Party,3,-0.119,-0.744,-0.107,-0.606,-0.118,-0.038,-0.044,0.065,450
2017-01-15 03:29:35,77,House,537,Farmer-Labor Party,1,-0.268,-0.593,-0.268,-0.593,-0.118,-0.038,-0.044,0.065,450
2017-01-15 03:29:35,77,Senate,200,Republican Party,30,0.254,-0.098,0.254,-0.094,-0.11,0.228,-0.077,0.205,105
2017-01-15 03:29:35,77,Senate,328,Independent,1,0.134,0.991,0.134,0.991,-0.11,0.228,-0.077,0.205,105
2017-01-15 03:29:35,77,Senate,370,Progressive Party,1,0.048,0.95,0.048,0.95,-0.11,0.228,-0.077,0.205,105
2017-01-15 03:29:35,77,Senate,100,Democratic Party,73,-0.221,0.312,-0.218,0.307,-0.11,0.228,-0.077,0.205,105
2017-01-15 03:29:35,77,President,100,Democratic Party,1,-0.368,0.245,-0.368,0.245,-0.368,0.245,-0.368,0.245,1
2017-01-15 03:29:35,78,House,100,Democratic Party,228,-0.23,0.509,-0.249,0.362,0.007,-0.063,0.019,0.043,450
2017-01-15 03:29:35,78,House,200,Republican Party,218,0.302,-0.267,0.302,-0.281,0.007,-0.063,0.019,0.043,450
2017-01-15 03:29:35,78,House,522,American Labor Party,1,-0.415,-0.91,-0.415,-0.91,0.007,-0.063,0.019,0.043,450
2017-01-15 03:29:35,78,House,370,Progressive Party,2,-0.079,-0.508,-0.079,-0.508,0.007,-0.063,0.019,0.043,450
2017-01-15 03:29:35,78,House,537,Farmer-Labor Party,1,0.099,-0.031,0.099,-0.031,0.007,-0.063,0.019,0.043,450
2017-01-15 03:29:35,78,Senate,200,Republican Party,42,0.277,-0.041,0.292,-0.092,0.01,0.14,0.006,0.135,103
2017-01-15 03:29:35,78,Senate,370,Progressive Party,1,0.048,0.95,0.048,0.95,0.01,0.14,0.006,0.135,103
2017-01-15 03:29:35,78,Senate,100,Democratic Party,60,-0.191,0.314,-0.195,0.28,0.01,0.14,0.006,0.135,103
2017-01-15 03:29:35,78,President,100,Democratic Party,1,-0.368,0.245,-0.368,0.245,-0.368,0.245,-0.368,0.245,1
2017-01-15 03:29:35,79,House,200,Republican Party,195,0.297,-0.243,0.303,-0.244,-0.044,-0.031,-0.017,0.08,447
2017-01-15 03:29:35,79,House,370,Progressive Party,1,-0.038,-0.273,-0.038,-0.273,-0.044,-0.031,-0.017,0.08,447
2017-01-15 03:29:35,79,House,100,Democratic Party,250,-0.258,0.404,-0.265,0.338,-0.044,-0.031,-0.017,0.08,447
2017-01-15 03:29:35,79,House,522,American Labor Party,1,-0.415,-0.91,-0.415,-0.91,-0.044,-0.031,-0.017,0.08,447
2017-01-15 03:29:35,79,Senate,200,Republican Party,42,0.271,-0.137,0.275,-0.151,-0.058,0.098,-0.024,0.144,108
2017-01-15 03:29:35,79,Senate,370,Progressive Party,1,0.048,0.95,0.048,0.95,-0.058,0.098,-0.024,0.144,108
2017-01-15 03:29:35,79,Senate,100,Democratic Party,65,-0.209,0.334,-0.219,0.322,-0.058,0.098,-0.024,0.144,108
2017-01-15 03:29:35,79,President,100,Democratic Party,2,-0.371,0.13,-0.371,0.13,-0.371,0.13,-0.371,0.13,2
2017-01-15 03:29:35,80,House,200,Republican Party,253,0.278,-0.3,0.285,-0.313,0.1,-0.09,0.055,0.032,449
2017-01-15 03:29:35,80,House,522,American Labor Party,2,-0.708,-0.464,-0.708,-0.464,0.1,-0.09,0.055,0.032,449
2017-01-15 03:29:35,80,House,100,Democratic Party,194,-0.22,0.627,-0.237,0.487,0.1,-0.09,0.055,0.032,449
2017-01-15 03:29:35,80,Senate,200,Republican Party,51,0.287,-0.172,0.293,-0.203,0.066,0.074,0.061,0.118,98
2017-01-15 03:29:35,80,Senate,100,Democratic Party,47,-0.195,0.564,-0.191,0.466,0.066,0.074,0.061,0.118,98
2017-01-15 03:29:35,80,President,100,Democratic Party,1,-0.374,0.014,-0.374,0.014,-0.374,0.014,-0.374,0.014,1
2017-01-15 03:29:35,81,House,200,Republican Party,176,0.272,-0.236,0.277,-0.254,-0.105,-0.016,-0.058,0.112,445
2017-01-15 03:29:35,81,House,522,American Labor Party,1,-0.415,-0.91,-0.415,-0.91,-0.105,-0.016,-0.058,0.112,445
2017-01-15 03:29:35,81,House,100,Democratic Party,267,-0.303,0.344,-0.276,0.358,-0.105,-0.016,-0.058,0.112,445
2017-01-15 03:29:35,81,House,402,Liberal Party,1,-0.619,-0.188,-0.619,-0.188,-0.105,-0.016,-0.058,0.112,445
2017-01-15 03:29:35,81,Senate,200,Republican Party,47,0.248,-0.247,0.267,-0.289,0.009,0.065,-0.019,0.079,108
2017-01-15 03:29:35,81,Senate,100,Democratic Party,61,-0.221,0.357,-0.239,0.362,0.009,0.065,-0.019,0.079,108
2017-01-15 03:29:35,81,President,100,Democratic Party,1,-0.374,0.014,-0.374,0.014,-0.374,0.014,-0.374,0.014,1
2017-01-15 03:29:35,82,House,200,Republican Party,207,0.271,-0.219,0.28,-0.255,-0.002,-0.008,-0.012,0.108,448
2017-01-15 03:29:35,82,House,328,Independent,1,-0.151,-0.025,-0.151,-0.025,-0.002,-0.008,-0.012,0.108,448
2017-01-15 03:29:35,82,House,100,Democratic Party,240,-0.285,0.43,-0.262,0.421,-0.002,-0.008,-0.012,0.108,448
2017-01-15 03:29:35,82,Senate,200,Republican Party,48,0.273,-0.325,0.276,-0.29,0.043,0.056,0.031,0.073,99
2017-01-15 03:29:35,82,Senate,100,Democratic Party,51,-0.206,0.477,-0.2,0.415,0.043,0.056,0.031,0.073,99
2017-01-15 03:29:35,82,President,100,Democratic Party,1,-0.374,0.014,-0.374,0.014,-0.374,0.014,-0.374,0.014,1
2017-01-15 03:29:35,83,House,200,Republican Party,222,0.275,-0.229,0.278,-0.246,0.06,-0.011,0.014,0.111,441
2017-01-15 03:29:35,83,House,328,Independent,1,-0.151,-0.025,-0.151,-0.025,0.06,-0.011,0.014,0.111,441
2017-01-15 03:29:35,83,House,100,Democratic Party,218,-0.271,0.566,-0.253,0.475,0.06,-0.011,0.014,0.111,441
2017-01-15 03:29:35,83,Senate,200,Republican Party,54,0.273,-0.389,0.287,-0.357,0.061,0.022,0.041,0.057,108
2017-01-15 03:29:35,83,Senate,328,Independent,1,-0.851,0.525,-0.851,0.525,0.061,0.022,0.041,0.057,108
2017-01-15 03:29:35,83,Senate,100,Democratic Party,53,-0.204,0.528,-0.192,0.471,0.061,0.022,0.041,0.057,108
2017-01-15 03:29:35,83,President,200,Republican Party,1,0.281,-0.864,0.281,-0.864,0.281,-0.864,0.281,-0.864,1
2017-01-15 03:29:35,84,House,200,Republican Party,203,0.268,-0.214,0.277,-0.22,0.007,0.022,-0.021,0.134,438
2017-01-15 03:29:35,84,House,100,Democratic Party,235,-0.305,0.407,-0.279,0.44,0.007,0.022,-0.021,0.134,438
2017-01-15 03:29:35,84,Senate,200,Republican Party,47,0.28,-0.334,0.28,-0.326,0.024,0.012,0.006,0.07,99
2017-01-15 03:29:35,84,Senate,328,Independent,1,-0.851,0.525,-0.851,0.525,0.024,0.012,0.006,0.07,99
2017-01-15 03:29:35,84,Senate,100,Democratic Party,51,-0.242,0.428,-0.23,0.426,0.024,0.012,0.006,0.07,99
2017-01-15 03:29:35,84,President,200,Republican Party,1,0.281,-0.864,0.281,-0.864,0.281,-0.864,0.281,-0.864,1
2017-01-15 03:29:35,85,House,200,Republican Party,204,0.265,-0.236,0.268,-0.247,0.001,0.044,-0.03,0.136,444
2017-01-15 03:29:35,85,House,100,Democratic Party,240,-0.306,0.444,-0.283,0.462,0.001,0.044,-0.03,0.136,444
2017-01-15 03:29:35,85,Senate,200,Republican Party,48,0.28,-0.358,0.268,-0.337,0.034,-0.004,0.004,0.079,101
2017-01-15 03:29:35,85,Senate,100,Democratic Party,53,-0.242,0.525,-0.234,0.456,0.034,-0.004,0.004,0.079,101
2017-01-15 03:29:35,85,President,200,Republican Party,1,0.281,-0.864,0.281,-0.864,0.281,-0.864,0.281,-0.864,1
2017-01-15 03:29:35,86,House,200,Republican Party,156,0.255,-0.232,0.267,-0.228,-0.134,0.127,-0.097,0.19,443
2017-01-15 03:29:35,86,House,329,Ind. Democratic Party,1,0.011,1.0,0.011,1.0,-0.134,0.127,-0.097,0.19,443
2017-01-15 03:29:35,86,House,100,Democratic Party,286,-0.313,0.349,-0.296,0.415,-0.134,0.127,-0.097,0.19,443
2017-01-15 03:29:35,86,Senate,200,Republican Party,36,0.257,-0.389,0.256,-0.364,-0.143,0.056,-0.088,0.113,103
2017-01-15 03:29:35,86,Senate,100,Democratic Party,67,-0.265,0.387,-0.272,0.369,-0.143,0.056,-0.088,0.113,103
2017-01-15 03:29:35,86,President,200,Republican Party,1,0.281,-0.864,0.281,-0.864,0.281,-0.864,0.281,-0.864,1
2017-01-15 03:29:35,87,House,200,Republican Party,176,0.244,-0.192,0.262,-0.221,-0.089,0.101,-0.066,0.169,449
2017-01-15 03:29:35,87,House,100,Democratic Party,273,-0.304,0.352,-0.277,0.42,-0.089,0.101,-0.066,0.169,449
2017-01-15 03:29:35,87,Senate,200,Republican Party,40,0.278,-0.4,0.269,-0.387,-0.108,0.035,-0.07,0.092,105
2017-01-15 03:29:35,87,Senate,100,Democratic Party,65,-0.296,0.391,-0.278,0.387,-0.108,0.035,-0.07,0.092,105
2017-01-15 03:29:35,87,President,100,Democratic Party,1,-0.472,-0.487,-0.472,-0.487,-0.472,-0.487,-0.472,-0.487,1
2017-01-15 03:29:35,88,House,200,Republican Party,181,0.25,-0.187,0.256,-0.216,-0.082,0.08,-0.068,0.139,443
2017-01-15 03:29:35,88,House,100,Democratic Party,262,-0.328,0.324,-0.292,0.384,-0.082,0.08,-0.068,0.139,443
2017-01-15 03:29:35,88,Senate,200,Republican Party,33,0.232,-0.434,0.278,-0.43,-0.199,0.064,-0.107,0.092,102
2017-01-15 03:29:35,88,Senate,100,Democratic Party,69,-0.311,0.31,-0.291,0.341,-0.199,0.064,-0.107,0.092,102
2017-01-15 03:29:35,88,President,100,Democratic Party,2,-0.404,-0.261,-0.404,-0.261,-0.404,-0.261,-0.404,-0.261,2
2017-01-15 03:29:35,89,House,200,Republican Party,143,0.243,-0.192,0.246,-0.209,-0.214,0.095,-0.125,0.14,444
2017-01-15 03:29:35,89,House,100,Democratic Party,301,-0.327,0.229,-0.301,0.307,-0.214,0.095,-0.125,0.14,444
2017-01-15 03:29:35,89,Senate,200,Republican Party,33,0.308,-0.418,0.28,-0.388,-0.201,0.065,-0.112,0.103,103
2017-01-15 03:29:35,89,Senate,100,Democratic Party,70,-0.316,0.31,-0.297,0.335,-0.201,0.065,-0.112,0.103,103
2017-01-15 03:29:35,89,President,100,Democratic Party,1,-0.337,-0.035,-0.337,-0.035,-0.337,-0.035,-0.337,-0.035,1
2017-01-15 03:29:35,90,House,200,Republican Party,189,0.241,-0.157,0.243,-0.193,-0.068,0.036,-0.064,0.098,439
2017-01-15 03:29:35,90,House,100,Democratic Party,250,-0.343,0.236,-0.296,0.318,-0.068,0.036,-0.064,0.098,439
2017-01-15 03:29:35,90,Senate,200,Republican Party,37,0.275,-0.434,0.253,-0.427,-0.186,0.035,-0.097,0.06,101
2017-01-15 03:29:35,90,Senate,100,Democratic Party,64,-0.312,0.31,-0.299,0.341,-0.186,0.035,-0.097,0.06,101
2017-01-15 03:29:35,90,President,100,Democratic Party,1,-0.337,-0.035,-0.337,-0.035,-0.337,-0.035,-0.337,-0.035,1
2017-01-15 03:29:35,91,House,200,Republican Party,199,0.244,-0.13,0.255,-0.177,-0.068,0.03,-0.06,0.082,449
2017-01-15 03:29:35,91,House,100,Democratic Party,250,-0.344,0.228,-0.31,0.289,-0.068,0.03,-0.06,0.082,449
2017-01-15 03:29:35,91,Senate,200,Republican Party,44,0.273,-0.444,0.251,-0.446,-0.092,-0.026,-0.056,0.004,102
2017-01-15 03:29:35,91,Senate,100,Democratic Party,58,-0.319,0.255,-0.289,0.346,-0.092,-0.026,-0.056,0.004,102
2017-01-15 03:29:35,91,President,200,Republican Party,1,0.552,-0.834,0.552,-0.834,0.552,-0.834,0.552,-0.834,1
2017-01-15 03:29:35,92,House,200,Republican Party,185,0.246,-0.144,0.254,-0.177,-0.089,0.07,-0.075,0.098,444
2017-01-15 03:29:35,92,House,100,Democratic Party,259,-0.344,0.256,-0.311,0.295,-0.089,0.07,-0.075,0.098,444
2017-01-15 03:29:35,92,Senate,200,Republican Party,45,0.271,-0.445,0.233,-0.459,-0.089,-0.036,-0.048,-0.002,103
2017-01-15 03:29:35,92,Senate,328,Independent,1,0.092,0.968,0.092,0.968,-0.089,-0.036,-0.048,-0.002,103
2017-01-15 03:29:35,92,Senate,100,Democratic Party,56,-0.31,0.271,-0.287,0.356,-0.089,-0.036,-0.048,-0.002,103
2017-01-15 03:29:35,92,Senate,112,Conservative Party,1,0.499,-0.441,0.499,-0.441,-0.089,-0.036,-0.048,-0.002,103
2017-01-15 03:29:35,92,President,200,Republican Party,1,0.552,-0.834,0.552,-0.834,0.552,-0.834,0.552,-0.834,1
2017-01-15 03:29:35,93,House,200,Republican Party,195,0.25,-0.118,0.261,-0.15,-0.091,0.021,-0.066,0.065,442
2017-01-15 03:29:35,93,House,329,Ind. Democratic Party,1,-0.418,-0.054,-0.418,-0.054,-0.091,0.021,-0.066,0.065,442
2017-01-15 03:29:35,93,House,100,Democratic Party,246,-0.35,0.217,-0.323,0.236,-0.091,0.021,-0.066,0.065,442
2017-01-15 03:29:35,93,Senate,200,Republican Party,43,0.278,-0.434,0.265,-0.384,-0.135,-0.02,-0.065,0.009,102
2017-01-15 03:29:35,93,Senate,328,Independent,1,0.092,0.968,0.092,0.968,-0.135,-0.02,-0.065,0.009,102
2017-01-15 03:29:35,93,Senate,100,Democratic Party,57,-0.319,0.254,-0.326,0.296,-0.135,-0.02,-0.065,0.009,102
2017-01-15 03:29:35,93,Senate,112,Conservative Party,1,0.499,-0.441,0.499,-0.441,-0.135,-0.02,-0.065,0.009,102
2017-01-15 03:29:35,93,President,200,Republican Party,2,0.529,-0.79,0.529,-0.79,0.529,-0.79,0.529,-0.79,2
2017-01-15 03:29:35,94,House,200,Republican Party,147,0.25,-0.118,0.265,-0.175,-0.218,-0.002,-0.122,0.036,441
2017-01-15 03:29:35,94,House,100,Democratic Party,294,-0.339,0.116,-0.315,0.142,-0.218,-0.002,-0.122,0.036,441
2017-01-15 03:29:35,94,Senate,200,Republican Party,38,0.28,-0.417,0.271,-0.378,-0.204,0.028,-0.088,0.029,101
2017-01-15 03:29:35,94,Senate,328,Independent,1,0.092,0.968,0.092,0.968,-0.204,0.028,-0.088,0.029,101
2017-01-15 03:29:35,94,Senate,100,Democratic Party,61,-0.319,0.223,-0.325,0.275,-0.204,0.028,-0.088,0.029,101
2017-01-15 03:29:35,94,Senate,112,Conservative Party,1,0.499,-0.441,0.499,-0.441,-0.204,0.028,-0.088,0.029,101
2017-01-15 03:29:35,94,President,200,Republican Party,1,0.506,-0.746,0.506,-0.746,0.506,-0.746,0.506,-0.746,1
2017-01-15 03:29:35,95,House,200,Republican Party,147,0.262,-0.132,0.267,-0.179,-0.196,-0.006,-0.115,0.019,441
2017-01-15 03:29:35,95,House,100,Democratic Party,294,-0.324,0.111,-0.306,0.119,-0.196,-0.006,-0.115,0.019,441
2017-01-15 03:29:35,95,Senate,200,Republican Party,38,0.293,-0.461,0.269,-0.406,-0.207,-0.005,-0.101,0.045,104
2017-01-15 03:29:35,95,Senate,328,Independent,1,0.092,0.968,0.092,0.968,-0.207,-0.005,-0.101,0.045,104
2017-01-15 03:29:35,95,Senate,100,Democratic Party,65,-0.329,0.31,-0.32,0.294,-0.207,-0.005,-0.101,0.045,104
2017-01-15 03:29:35,95,President,100,Democratic Party,1,-0.504,0.119,-0.504,0.119,-0.504,0.119,-0.504,0.119,1
2017-01-15 03:29:35,96,House,200,Republican Party,161,0.278,-0.154,0.295,-0.179,-0.172,-0.033,-0.084,0.004,442
2017-01-15 03:29:35,96,House,100,Democratic Party,281,-0.321,0.094,-0.301,0.11,-0.172,-0.033,-0.084,0.004,442
2017-01-15 03:29:35,96,Senate,200,Republican Party,41,0.275,-0.445,0.277,-0.395,-0.18,-0.042,-0.07,0.002,101
2017-01-15 03:29:35,96,Senate,328,Independent,1,0.092,0.968,0.092,0.968,-0.18,-0.042,-0.07,0.002,101
2017-01-15 03:29:35,96,Senate,100,Democratic Party,59,-0.319,0.209,-0.313,0.262,-0.18,-0.042,-0.07,0.002,101
2017-01-15 03:29:35,96,President,100,Democratic Party,1,-0.504,0.119,-0.504,0.119,-0.504,0.119,-0.504,0.119,1
2017-01-15 03:29:35,97,House,200,Republican Party,196,0.307,-0.17,0.306,-0.199,-0.057,-0.074,-0.033,-0.037,444
2017-01-15 03:29:35,97,House,328,Independent,1,-0.506,-0.057,-0.506,-0.057,-0.057,-0.074,-0.033,-0.037,444
2017-01-15 03:29:35,97,House,100,Democratic Party,247,-0.319,0.07,-0.3,0.093,-0.057,-0.074,-0.033,-0.037,444
2017-01-15 03:29:35,97,Senate,200,Republican Party,54,0.293,-0.313,0.31,-0.318,0.072,-0.07,0.03,-0.042,101
2017-01-15 03:29:35,97,Senate,328,Independent,1,0.092,0.968,0.092,0.968,0.072,-0.07,0.03,-0.042,101
2017-01-15 03:29:35,97,Senate,100,Democratic Party,46,-0.314,0.311,-0.3,0.26,0.072,-0.07,0.03,-0.042,101
2017-01-15 03:29:35,97,President,200,Republican Party,1,0.692,-0.713,0.692,-0.713,0.692,-0.713,0.692,-0.713,1
2017-01-15 03:29:35,98,House,200,Republican Party,167,0.328,-0.18,0.326,-0.207,-0.161,-0.077,-0.063,-0.035,439
2017-01-15 03:29:35,98,House,100,Democratic Party,272,-0.316,0.049,-0.302,0.071,-0.161,-0.077,-0.063,-0.035,439
2017-01-15 03:29:35,98,Senate,200,Republican Party,55,0.283,-0.279,0.307,-0.304,0.072,-0.07,0.03,-0.053,101
2017-01-15 03:29:35,98,Senate,100,Democratic Party,46,-0.314,0.26,-0.302,0.246,0.072,-0.07,0.03,-0.053,101
2017-01-15 03:29:35,98,President,200,Republican Party,1,0.692,-0.713,0.692,-0.713,0.692,-0.713,0.692,-0.713,1
2017-01-15 03:29:35,99,House,200,Republican Party,182,0.344,-0.207,0.334,-0.213,-0.123,-0.089,-0.043,-0.04,439
2017-01-15 03:29:35,99,House,100,Democratic Party,257,-0.319,0.061,-0.309,0.082,-0.123,-0.089,-0.043,-0.04,439
2017-01-15 03:29:35,99,Senate,200,Republican Party,54,0.28,-0.267,0.314,-0.285,0.068,-0.108,0.025,-0.052,101
2017-01-15 03:29:35,99,Senate,100,Democratic Party,47,-0.322,0.155,-0.306,0.215,0.068,-0.108,0.025,-0.052,101
2017-01-15 03:29:35,99,President,200,Republican Party,1,0.692,-0.713,0.692,-0.713,0.692,-0.713,0.692,-0.713,1
2017-01-15 03:29:35,100,House,200,Republican Party,179,0.346,-0.221,0.335,-0.234,-0.134,-0.093,-0.048,-0.045,441
2017-01-15 03:29:35,100,House,100,Democratic Party,262,-0.32,0.049,-0.309,0.085,-0.134,-0.093,-0.048,-0.045,441
2017-01-15 03:29:35,100,Senate,200,Republican Party,46,0.302,-0.308,0.314,-0.335,-0.123,-0.116,-0.018,-0.043,101
2017-01-15 03:29:35,100,Senate,100,Democratic Party,55,-0.313,0.137,-0.295,0.2,-0.123,-0.116,-0.018,-0.043,101
2017-01-15 03:29:35,100,President,200,Republican Party,1,0.692,-0.713,0.692,-0.713,0.692,-0.713,0.692,-0.713,1
2017-01-15 03:29:35,101,House,200,Republican Party,180,0.344,-0.224,0.34,-0.249,-0.134,-0.101,-0.049,-0.053,445
2017-01-15 03:29:35,101,House,100,Democratic Party,265,-0.32,0.012,-0.313,0.081,-0.134,-0.101,-0.049,-0.053,445
2017-01-15 03:29:35,101,Senate,200,Republican Party,46,0.316,-0.3,0.323,-0.302,-0.154,-0.118,-0.016,-0.069,102
2017-01-15 03:29:35,101,Senate,100,Democratic Party,56,-0.306,0.031,-0.294,0.123,-0.154,-0.118,-0.016,-0.069,102
2017-01-15 03:29:35,101,President,200,Republican Party,1,0.557,-0.547,0.557,-0.547,0.557,-0.547,0.557,-0.547,1
2017-01-15 03:29:35,102,House,200,Republican Party,170,0.349,-0.211,0.345,-0.23,-0.149,-0.089,-0.061,-0.041,441
2017-01-15 03:29:35,102,House,328,Independent,1,-0.508,-0.308,-0.508,-0.308,-0.149,-0.089,-0.061,-0.041,441
2017-01-15 03:29:35,102,House,100,Democratic Party,270,-0.32,0.011,-0.314,0.08,-0.149,-0.089,-0.061,-0.041,441
2017-01-15 03:29:35,102,Senate,200,Republican Party,44,0.307,-0.301,0.319,-0.307,-0.19,-0.119,-0.033,-0.072,102
2017-01-15 03:29:35,102,Senate,100,Democratic Party,58,-0.311,0.01,-0.299,0.106,-0.19,-0.119,-0.033,-0.072,102
2017-01-15 03:29:35,102,President,200,Republican Party,1,0.557,-0.547,0.557,-0.547,0.557,-0.547,0.557,-0.547,1
2017-01-15 03:29:35,103,House,200,Republican Party,180,0.377,-0.143,0.371,-0.183,-0.163,-0.08,-0.047,-0.035,442
2017-01-15 03:29:35,103,House,328,Independent,1,-0.508,-0.308,-0.508,-0.308,-0.163,-0.08,-0.047,-0.035,442
2017-01-15 03:29:35,103,House,100,Democratic Party,261,-0.336,-0.002,-0.333,0.069,-0.163,-0.08,-0.047,-0.035,442
2017-01-15 03:29:35,103,Senate,200,Republican Party,45,0.341,-0.275,0.337,-0.268,-0.143,-0.113,-0.017,-0.077,102
2017-01-15 03:29:35,103,Senate,100,Democratic Party,57,-0.309,-0.012,-0.296,0.075,-0.143,-0.113,-0.017,-0.077,102
2017-01-15 03:29:35,103,President,100,Democratic Party,1,-0.438,0.033,-0.438,0.033,-0.438,0.033,-0.438,0.033,1
2017-01-15 03:29:35,104,House,200,Republican Party,236,0.385,-0.092,0.397,-0.119,0.176,-0.059,0.041,-0.036,445
2017-01-15 03:29:35,104,House,328,Independent,1,-0.508,-0.308,-0.508,-0.308,0.176,-0.059,0.041,-0.036,445
2017-01-15 03:29:35,104,House,100,Democratic Party,208,-0.383,-0.004,-0.361,0.06,0.176,-0.059,0.041,-0.036,445
2017-01-15 03:29:35,104,Senate,200,Republican Party,55,0.356,-0.234,0.35,-0.234,0.084,-0.169,0.047,-0.12,103
2017-01-15 03:29:35,104,Senate,100,Democratic Party,48,-0.308,-0.049,-0.301,0.01,0.084,-0.169,0.047,-0.12,103
2017-01-15 03:29:35,104,President,100,Democratic Party,1,-0.438,0.033,-0.438,0.033,-0.438,0.033,-0.438,0.033,1
2017-01-15 03:29:35,105,House,200,Republican Party,231,0.39,-0.053,0.402,-0.074,0.155,-0.039,0.029,-0.022,444
2017-01-15 03:29:35,105,House,328,Independent,1,-0.508,-0.308,-0.508,-0.308,0.155,-0.039,0.029,-0.022,444
2017-01-15 03:29:35,105,House,100,Democratic Party,212,-0.384,-0.029,-0.375,0.036,0.155,-0.039,0.029,-0.022,444
2017-01-15 03:29:35,105,Senate,200,Republican Party,55,0.381,-0.181,0.373,-0.181,0.143,-0.128,0.065,-0.122,100
2017-01-15 03:29:35,105,Senate,100,Democratic Party,45,-0.308,-0.067,-0.311,-0.05,0.143,-0.128,0.065,-0.122,100
2017-01-15 03:29:35,105,President,100,Democratic Party,1,-0.438,0.033,-0.438,0.033,-0.438,0.033,-0.438,0.033,1
2017-01-15 03:29:35,106,House,200,Republican Party,225,0.39,-0.027,0.404,-0.058,0.135,-0.026,0.026,-0.008,440
2017-01-15 03:29:35,106,House,328,Independent,2,0.037,0.117,0.037,0.117,0.135,-0.026,0.026,-0.008,440
2017-01-15 03:29:35,106,House,100,Democratic Party,213,-0.384,-0.026,-0.373,0.043,0.135,-0.026,0.026,-0.008,440
2017-01-15 03:29:35,106,Senate,200,Republican Party,56,0.373,-0.188,0.363,-0.222,0.126,-0.13,0.066,-0.151,102
2017-01-15 03:29:35,106,Senate,100,Democratic Party,46,-0.302,-0.086,-0.295,-0.064,0.126,-0.13,0.066,-0.151,102
2017-01-15 03:29:35,106,President,100,Democratic Party,1,-0.438,0.033,-0.438,0.033,-0.438,0.033,-0.438,0.033,1
2017-01-15 03:29:35,107,House,200,Republican Party,228,0.403,0.005,0.41,-0.03,0.155,-0.007,0.029,0.004,444
2017-01-15 03:29:35,107,House,328,Independent,2,0.037,0.117,0.037,0.117,0.155,-0.007,0.029,0.004,444
2017-01-15 03:29:35,107,House,100,Democratic Party,214,-0.385,-0.033,-0.377,0.039,0.155,-0.007,0.029,0.004,444
2017-01-15 03:29:35,107,Senate,200,Republican Party,50,0.382,-0.13,0.368,-0.199,0.003,-0.121,0.034,-0.125,101
2017-01-15 03:29:35,107,Senate,328,Independent,1,-0.277,-0.603,-0.277,-0.603,0.003,-0.121,0.034,-0.125,101
2017-01-15 03:29:35,107,Senate,100,Democratic Party,50,-0.305,-0.079,-0.294,-0.041,0.003,-0.121,0.034,-0.125,101
2017-01-15 03:29:35,107,President,200,Republican Party,1,0.693,-0.539,0.693,-0.539,0.693,-0.539,0.693,-0.539,1
2017-01-15 03:29:35,108,House,200,Republican Party,231,0.402,0.02,0.417,-0.011,0.211,0.002,0.04,0.016,440
2017-01-15 03:29:35,108,House,328,Independent,1,-0.508,-0.308,-0.508,-0.308,0.211,0.002,0.04,0.016,440
2017-01-15 03:29:35,108,House,100,Democratic Party,208,-0.384,-0.036,-0.377,0.047,0.211,0.002,0.04,0.016,440
2017-01-15 03:29:35,108,Senate,200,Republican Party,51,0.364,-0.128,0.358,-0.19,0.08,-0.127,0.04,-0.122,100
2017-01-15 03:29:35,108,Senate,328,Independent,1,-0.277,-0.603,-0.277,-0.603,0.08,-0.127,0.04,-0.122,100
2017-01-15 03:29:35,108,Senate,100,Democratic Party,48,-0.308,-0.079,-0.291,-0.04,0.08,-0.127,0.04,-0.122,100
2017-01-15 03:29:35,108,President,200,Republican Party,1,0.693,-0.539,0.693,-0.539,0.693,-0.539,0.693,-0.539,1
2017-01-15 03:29:35,109,House,200,Republican Party,235,0.409,0.022,0.423,-0.003,0.229,0.001,0.046,0.012,439
2017-01-15 03:29:35,109,House,328,Independent,1,-0.508,-0.308,-0.508,-0.308,0.229,0.001,0.046,0.012,439
2017-01-15 03:29:35,109,House,100,Democratic Party,203,-0.392,-0.04,-0.387,0.031,0.229,0.001,0.046,0.012,439
2017-01-15 03:29:35,109,Senate,200,Republican Party,55,0.382,-0.121,0.378,-0.167,0.185,-0.128,0.066,-0.141,101
2017-01-15 03:29:35,109,Senate,328,Independent,1,-0.277,-0.603,-0.277,-0.603,0.185,-0.128,0.066,-0.141,101
2017-01-15 03:29:35,109,Senate,100,Democratic Party,45,-0.319,-0.136,-0.307,-0.098,0.185,-0.128,0.066,-0.141,101
2017-01-15 03:29:35,109,President,200,Republican Party,1,0.693,-0.539,0.693,-0.539,0.693,-0.539,0.693,-0.539,1
2017-01-15 03:29:35,110,House,200,Republican Party,206,0.426,0.054,0.44,0.026,-0.151,0.021,0.004,0.037,448
2017-01-15 03:29:35,110,House,100,Democratic Party,242,-0.377,-0.006,-0.367,0.047,-0.151,0.021,0.004,0.037,448
2017-01-15 03:29:35,110,Senate,200,Republican Party,51,0.404,-0.11,0.391,-0.144,0.019,-0.123,0.046,-0.116,102
2017-01-15 03:29:35,110,Senate,328,Independent,1,-0.508,-0.308,-0.508,-0.308,0.019,-0.123,0.046,-0.116,102
2017-01-15 03:29:35,110,Senate,100,Democratic Party,50,-0.31,-0.132,-0.296,-0.083,0.019,-0.123,0.046,-0.116,102
2017-01-15 03:29:35,110,President,200,Republican Party,1,0.693,-0.539,0.693,-0.539,0.693,-0.539,0.693,-0.539,1
2017-01-15 03:29:35,111,House,200,Republican Party,183,0.44,0.055,0.457,0.028,-0.184,0.015,-0.018,0.036,446
2017-01-15 03:29:35,111,House,100,Democratic Party,263,-0.349,-0.005,-0.348,0.041,-0.184,0.015,-0.018,0.036,446
2017-01-15 03:29:35,111,Senate,200,Republican Party,44,0.404,-0.065,0.398,-0.118,-0.203,-0.07,-0.03,-0.089,111
2017-01-15 03:29:35,111,Senate,328,Independent,1,-0.508,-0.308,-0.508,-0.308,-0.203,-0.07,-0.03,-0.089,111
2017-01-15 03:29:35,111,Senate,100,Democratic Party,66,-0.31,-0.088,-0.308,-0.066,-0.203,-0.07,-0.03,-0.089,111
2017-01-15 03:29:35,111,President,100,Democratic Party,1,-0.354,-0.203,-0.354,-0.203,-0.354,-0.203,-0.354,-0.203,1
2017-01-15 03:29:35,112,House,200,Republican Party,245,0.468,0.052,0.468,0.031,0.269,0.001,0.081,0.002,445
2017-01-15 03:29:35,112,House,100,Democratic Party,200,-0.401,-0.073,-0.393,-0.033,0.269,0.001,0.081,0.002,445
2017-01-15 03:29:35,112,Senate,200,Republican Party,48,0.41,-0.065,0.443,-0.088,-0.156,-0.099,0.048,-0.078,102
2017-01-15 03:29:35,112,Senate,328,Independent,1,-0.508,-0.308,-0.508,-0.308,-0.156,-0.099,0.048,-0.078,102
2017-01-15 03:29:35,112,Senate,100,Democratic Party,53,-0.306,-0.113,-0.299,-0.063,-0.156,-0.099,0.048,-0.078,102
2017-01-15 03:29:35,112,President,100,Democratic Party,1,-0.354,-0.203,-0.354,-0.203,-0.354,-0.203,-0.354,-0.203,1
2017-01-15 03:29:35,113,House,200,Republican Party,240,0.491,0.076,0.484,0.042,0.261,0.001,0.085,-0.009,444
2017-01-15 03:29:35,113,House,100,Democratic Party,204,-0.396,-0.081,-0.384,-0.069,0.261,0.001,0.085,-0.009,444
2017-01-15 03:29:35,113,Senate,200,Republican Party,46,0.419,-0.015,0.473,-0.048,-0.192,-0.096,0.025,-0.069,105
2017-01-15 03:29:35,113,Senate,328,Independent,2,-0.338,-0.301,-0.338,-0.301,-0.192,-0.096,0.025,-0.069,105
2017-01-15 03:29:35,113,Senate,100,Democratic Party,57,-0.326,-0.123,-0.324,-0.078,-0.192,-0.096,0.025,-0.069,105
2017-01-15 03:29:35,113,President,100,Democratic Party,1,-0.354,-0.203,-0.354,-0.203,-0.354,-0.203,-0.354,-0.203,1
2017-01-15 03:29:35,114,House,200,Republican Party,251,0.491,0.072,0.482,0.044,0.293,0.001,0.105,-0.009,441
2017-01-15 03:29:35,114,House,100,Democratic Party,190,-0.399,-0.084,-0.393,-0.078,0.293,0.001,0.105,-0.009,441
2017-01-15 03:29:35,114,Senate,200,Republican Party,54,0.454,-0.018,0.483,-0.065,0.28,-0.113,0.109,-0.097,100
2017-01-15 03:29:35,114,Senate,328,Independent,2,-0.338,-0.301,-0.338,-0.301,0.28,-0.113,0.109,-0.097,100
2017-01-15 03:29:35,114,Senate,100,Democratic Party,44,-0.319,-0.159,-0.33,-0.126,0.28,-0.113,0.109,-0.097,100
2017-01-15 03:29:35,114,President,100,Democratic Party,1,-0.354,-0.199,-0.354,-0.199,-0.354,-0.199,-0.354,-0.199,1
2017-01-15 03:29:35,115,House,200,Republican Party,241,0.466,0.12,0.48,0.063,0.278,0.017,0.09,0.009,435
2017-01-15 03:29:35,115,House,100,Democratic Party,194,-0.397,-0.076,-0.394,-0.058,0.278,0.017,0.09,0.009,435
2017-01-15 03:29:35,115,Senate,200,Republican Party,52,0.458,-0.015,0.502,-0.045,0.232,-0.11,0.106,-0.095,100
2017-01-15 03:29:35,115,Senate,328,Independent,2,-0.338,-0.301,-0.338,-0.301,0.232,-0.11,0.106,-0.095,100
2017-01-15 03:29:35,115,Senate,100,Democratic Party,46,-0.308,-0.171,-0.323,-0.142,0.232,-0.11,0.106,-0.095,100
